group_field,group_value,rows,E_end_over_h_max,C_end_max,endpoint_residual_fraction_max,affine_capture_fraction_min,E_best_over_h_max,E_gap_over_h_max,ratio_E_end_to_h4_ddR_sq_max,template_count,worst_template_C_end,failures
row_regime,finite_negative,124.0,56.50973597641633,7.517295788807058,0.0013550898740644,0.9986449101259356,29.835499306357605,40.34231991286319,3.7061379126098163e-10,23.0,7.517295788807058,0.0
row_regime,finite_positive,1200.0,73.62931311610959,8.580752479596972,0.0004154153049167,0.9995845846950832,43.78193585251833,30.88330743284049,0.0013717421126794908,23.0,8.580752479596972,0.0
row_regime,forbidden_negative,1.0,4.240367136346573,2.059215174853413,4.980267198828742e-06,0.9999950197328012,2.9685827172539985,1.2717844190923324,-2.8067379228820234e-19,1.0,2.059215174853413,0.0
row_regime,post_P0_negative_tail,21.0,64.13704142037176,8.008560508628985,2.4265633807775945e-05,0.9999757343661922,25.67240826983171,43.91930344849154,6.724578890835872e-11,15.0,8.008560508628985,0.0
row_regime,post_P0_positive_tail,120.0,50.20658843787949,7.085660762263424,2.594248423585902e-07,0.9999997405751576,29.98033535342825,20.226253084497003,0.0013717421124828536,3.0,7.085660762263424,0.0
row_regime,threshold_relevant_negative,2.0,5.243489587168667,2.289866718210618,3.3053588386700646e-05,0.9999669464116132,3.754521262124791,1.488968325043903,7.400689712471193e-20,2.0,2.289866718210618,0.0
post_P0_by_pstar,False,1326.0,73.62931311610959,8.580752479596972,0.0013550898740644,0.9986449101259356,43.78193585251833,40.34231991286319,0.0013717421126794908,34.0,8.580752479596972,0.0
post_P0_by_pstar,True,142.0,64.13704142037176,8.008560508628985,2.4265633807775945e-05,0.9999757343661922,29.98033535342825,43.91930344849154,0.0013717421124828536,19.0,8.008560508628985,0.0
finite_zone_flag,False,142.0,64.13704142037176,8.008560508628985,2.4265633807775945e-05,0.9999757343661922,29.98033535342825,43.91930344849154,0.0013717421124828536,19.0,8.008560508628985,0.0
finite_zone_flag,True,1326.0,73.62931311610959,8.580752479596972,0.0013550898740644,0.9986449101259356,43.78193585251833,40.34231991286319,0.0013717421126794908,34.0,8.580752479596972,0.0
high_energy_flag,False,1458.0,64.13704142037176,8.008560508628985,0.0005320069009106,0.9994679930990894,36.85830399288621,43.91930344849154,0.001371742112484281,36.0,8.008560508628985,0.0
high_energy_flag,True,10.0,73.62931311610959,8.580752479596972,0.0013550898740644,0.9986449101259356,43.78193585251833,40.34231991286319,0.0013717421126794908,8.0,8.580752479596972,0.0
threshold_relevant_flag,False,1465.0,73.62931311610959,8.580752479596972,0.0013550898740644,0.9986449101259356,43.78193585251833,43.91930344849154,0.0013717421126794908,35.0,8.580752479596972,0.0
threshold_relevant_flag,True,3.0,5.243489587168667,2.289866718210618,3.3053588386700646e-05,0.9999669464116132,3.754521262124791,1.488968325043903,7.400689712471193e-20,3.0,2.289866718210618,0.0
forbidden_flag,False,1467.0,73.62931311610959,8.580752479596972,0.0013550898740644,0.9986449101259356,43.78193585251833,43.91930344849154,0.0013717421126794908,36.0,8.580752479596972,0.0
forbidden_flag,True,1.0,4.240367136346573,2.059215174853413,4.980267198828742e-06,0.9999950197328012,2.9685827172539985,1.2717844190923324,-2.8067379228820234e-19,1.0,2.059215174853413,0.0
h_bin_laff,101<=h<=1k,62.0,64.13704142037176,8.008560508628985,0.0013550898740644,0.9986449101259356,28.959926598778548,43.91930344849154,1.5609224569711558e-09,21.0,8.008560508628985,0.0
h_bin_laff,10k<h<=100k,15.0,15.780939239229737,3.972523031931941,9.384499837790036e-05,0.999906155001622,14.83639698133902,5.6158935440451145,2.361800182685474e-16,8.0,3.972523031931941,0.0
h_bin_laff,11<=h<=100,3.0,73.62931311610959,8.580752479596972,9.861270095805125e-06,0.9999901387299042,43.78193585251833,29.84737726359048,2.3584818330937423e-05,3.0,8.580752479596972,0.0
h_bin_laff,1k<h<=10k,80.0,45.74617977052387,6.763592223849976,0.0005320069009106,0.9994679930990894,29.835499306357605,36.63906076198799,1.036515589287061e-12,22.0,6.763592223849976,0.0
h_bin_laff,2<=h<=10,64.0,54.6007965610797,7.38923518106439,0.0002992154873217,0.9997007845126784,36.85830399288621,22.43020935100241,0.0013717421126794908,16.0,7.38923518106439,0.0
h_bin_laff,h<=1,1241.0,0.0,0.0,0.0,1.0,2.0183206946293878e-22,2.0183206946293878e-22,,1.0,0.0,0.0
h_bin_laff,h>100k,3.0,5.243489587168667,2.289866718210618,3.3053588386700646e-05,0.9999669464116132,3.754521262124791,1.488968325043903,7.400689712471193e-20,3.0,2.289866718210618,0.0
p_star_bin_laff,100M<=p<500M,530.0,56.50973597641633,7.517295788807058,9.384499837790036e-05,0.999906155001622,35.47977459476777,35.400860703944744,0.0013717421124830535,24.0,7.517295788807058,0.0
p_star_bin_laff,1M<=p<100M,734.0,73.62931311610959,8.580752479596972,0.0013147173309265,0.9986852826690736,43.78193585251833,40.34231991286319,0.0013717421124828948,31.0,8.580752479596972,0.0
p_star_bin_laff,500M<=p<1B,142.0,64.13704142037176,8.008560508628985,2.4265633807775945e-05,0.9999757343661922,29.98033535342825,43.91930344849154,0.0013717421124828536,19.0,8.008560508628985,0.0
p_star_bin_laff,p<1M,62.0,21.7152630494778,4.659963846370249,0.0013550898740644,0.9986449101259356,10.364883301182344,12.96660864125347,0.0013717421126794908,3.0,4.659963846370249,0.0
sample_count_bin_laff,11<=m<=25,3.0,73.62931311610959,8.580752479596972,9.861270095805125e-06,0.9999901387299042,43.78193585251833,29.84737726359048,2.3584818330937423e-05,3.0,8.580752479596972,0.0
sample_count_bin_laff,26<=m<=50,160.0,64.13704142037176,8.008560508628985,0.0013550898740644,0.9986449101259356,29.835499306357605,43.91930344849154,1.5609224569711558e-09,24.0,8.008560508628985,0.0
sample_count_bin_laff,3<=m<=5,61.0,50.20658843787949,7.085660762263424,0.0002992154873217,0.9997007845126784,29.98033535342825,20.226253084497003,0.0013717421126794908,16.0,7.085660762263424,0.0
sample_count_bin_laff,6<=m<=10,3.0,54.6007965610797,7.38923518106439,4.0678337800586574e-05,0.9999593216621994,36.85830399288621,22.43020935100241,0.0001369096730055348,2.0,7.38923518106439,0.0
sample_count_bin_laff,m<=2,1241.0,0.0,0.0,0.0,1.0,2.0183206946293878e-22,2.0183206946293878e-22,,1.0,0.0,0.0
template_cluster_id,1,1241.0,0.0,0.0,0.0,1.0,2.0183206946293878e-22,2.0183206946293878e-22,,0.0,0.0,0.0
template_cluster_id,10,13.0,32.97396823627521,5.7422964253228175,0.0001940008489264,0.9998059991510736,16.87583477700751,21.953138215270663,1.5609224569711558e-09,0.0,5.7422964253228175,0.0
template_cluster_id,11,6.0,18.77865222575702,4.333434230002461,8.377516743960191e-05,0.9999162248325604,10.162025168434884,10.724593828996571,1.2344614586922241e-11,0.0,4.333434230002461,0.0
template_cluster_id,12,10.0,26.95229227012873,5.191559714587585,0.000375106831128,0.999624893168872,17.71681178132743,21.27279850874023,2.2898582474697436e-10,0.0,5.191559714587585,0.0
template_cluster_id,13,8.0,21.21052107518124,4.605488147328277,0.0001153692528827,0.9998846307471172,10.7651352816289,12.195494622173236,3.812272787595143e-11,0.0,4.605488147328277,0.0
template_cluster_id,14,16.0,37.064381685718736,6.088052372123514,0.0003223417146451,0.9996776582853548,21.918402779971714,29.92334393461108,2.1160175752146133e-10,0.0,6.088052372123514,0.0
template_cluster_id,15,9.0,32.74537462401581,5.722357435883904,0.0004669420757839,0.999533057924216,17.089807531792392,15.6555670922246,6.2777230833443135e-12,0.0,5.722357435883904,0.0
template_cluster_id,16,8.0,59.29000543512908,7.700000352930452,0.0005320069009106,0.9994679930990894,15.370701986648015,43.91930344849154,4.036718827156071e-12,0.0,7.700000352930452,0.0
template_cluster_id,17,15.0,51.97483561645937,7.209357503721075,0.0002992154873217,0.9997007845126784,22.83877755768489,30.88330743284049,0.0013717421126794908,0.0,7.209357503721075,0.0
template_cluster_id,18,4.0,36.81771421299473,6.067760230348158,0.0003621431164998,0.9996378568835002,12.981514726358697,25.19667115889838,2.686230041096159e-11,0.0,6.067760230348158,0.0
template_cluster_id,19,9.0,47.732209098918574,6.908850056190145,9.22831606510849e-05,0.9999077168393488,18.89851058340296,35.400860703944744,2.0186512493339613e-10,0.0,6.908850056190145,0.0
template_cluster_id,20,10.0,42.97725121573247,6.555703716286487,0.0004154153049167,0.9995845846950832,25.27816400320945,30.315748322757173,1.0323713531673571e-09,0.0,6.555703716286487,0.0
template_cluster_id,21,8.0,50.81680635690252,7.12859076935284,0.0013550898740644,0.9986449101259356,30.09129137733369,32.741761337916,0.001371742112484281,0.0,7.12859076935284,0.0
template_cluster_id,22,3.0,33.72039514799754,5.806926480333425,0.0001134029659087,0.9998865970340912,29.835499306357605,14.86893726358199,6.724578890835872e-11,0.0,5.806926480333425,0.0
template_cluster_id,23,4.0,45.74617977052387,6.763592223849976,8.612504006920932e-05,0.9999138749599308,35.47977459476777,36.63906076198799,6.087110668034946e-06,0.0,6.763592223849976,0.0
template_cluster_id,24,8.0,64.13704142037176,8.008560508628985,5.4336035126115175e-05,0.9999456639648738,25.237480767773157,38.89956065262014,0.0013717421124828948,0.0,8.008560508628985,0.0
template_cluster_id,25,1.0,16.066194093131383,4.008265721372696,1.1578496022827413e-05,0.9999884215039772,14.459574683818332,1.606619409313198,0.001371742112482858,0.0,4.008265721372696,0.0
template_cluster_id,26,3.0,34.159585568743275,5.844620224509312,0.0001517244341785,0.9998482755658216,25.67240826983171,16.13818331761439,2.017602497622681e-14,0.0,5.844620224509312,0.0
template_cluster_id,27,4.0,55.32747455760799,7.438244050688844,0.0001905539623356,0.9998094460376644,20.79100964997896,40.34231991286319,0.0013717421124828542,0.0,7.438244050688844,0.0
template_cluster_id,28,5.0,56.50973597641633,7.517295788807058,1.8522158874289463e-05,0.9999814778411256,28.959926598778548,27.549809377640567,0.0013717421124828915,0.0,7.517295788807058,0.0
template_cluster_id,29,6.0,21.41023101529821,4.627119083760241,1.968808504954023e-06,0.999998031191495,19.269207913768398,2.141023101528963,0.0013717421124828533,0.0,4.627119083760241,0.0
template_cluster_id,3,1.0,2.1482112713820967,1.4656777515477597,6.803174577721121e-06,0.9999931968254224,1.3889573592259394,0.7592539121560398,-1.168101379821649e-19,0.0,1.4656777515477597,0.0
template_cluster_id,30,4.0,21.91868696008932,4.681739736475033,1.821184040824688e-06,0.9999981788159592,19.72681826408143,2.191868696007889,0.0013717421124828538,0.0,4.681739736475033,0.0
template_cluster_id,32,15.0,25.87160107543095,5.086413380313377,3.543982662961964e-05,0.9999645601733704,23.284440967890124,9.644044406879,0.0013717421124830535,0.0,5.086413380313377,0.0
template_cluster_id,35,3.0,47.12482161579511,6.864752116121537,4.0678337800586574e-05,0.9999593216621994,26.39314660418465,22.43020935100241,0.0013717421124828536,0.0,6.864752116121537,0.0
template_cluster_id,36,1.0,30.408008655143053,5.514345714148058,1.2155728687056514e-05,0.9999878442713128,18.13312319031589,12.274885464830556,0.000659143951717501,0.0,5.514345714148058,0.0
template_cluster_id,39,8.0,73.62931311610959,8.580752479596972,9.861270095805125e-06,0.9999901387299042,43.78193585251833,29.84737726359048,0.000658588682516997,0.0,8.580752479596972,0.0
template_cluster_id,40,2.0,37.612913500416326,6.132936776163303,3.32347286093648e-06,0.9999966765271392,22.44349377819909,15.169419722227538,0.0006583978211504828,0.0,6.132936776163303,0.0
template_cluster_id,42,2.0,42.01752080974671,6.482092317280486,1.1772522978111863e-06,0.9999988227477022,25.079161840784288,16.938358968968284,0.0006579240348459583,0.0,6.482092317280486,0.0
template_cluster_id,43,7.0,44.51014034988176,6.671592040126686,7.705762945638789e-07,0.9999992294237054,26.57088212620257,17.939258223697298,0.0006577415692019332,0.0,6.671592040126686,0.0
template_cluster_id,46,1.0,50.20658843787949,7.085660762263424,2.594248423585902e-07,0.9999997405751576,29.98033535342825,20.226253084497003,0.0006573290930118911,0.0,7.085660762263424,0.0
template_cluster_id,5,3.0,8.052639658465482,2.837717332375704,0.0001045974953277,0.9998954025046722,6.630377730410991,1.4222619280546012,6.2705557406184526e-12,0.0,2.837717332375704,0.0
template_cluster_id,6,4.0,4.676586730141667,2.162541729109907,6.755530649395696e-05,0.999932444693506,4.665393809054256,0.3109616204631139,6.042119759532722e-13,0.0,2.162541729109907,0.0
template_cluster_id,7,9.0,8.504289285718388,2.916211461077264,6.635068265301394e-05,0.999933649317347,7.813455384974795,4.69715256452425,2.4971857432156948e-11,0.0,2.916211461077264,0.0
template_cluster_id,8,6.0,10.349590223661783,3.217077901397755,6.193226819896418e-05,0.999938067731801,8.13317895141937,3.733797464375484,1.7815086869447661e-12,0.0,3.217077901397755,0.0
template_cluster_id,9,11.0,24.43401049089476,4.9430770265994,8.956651064540559e-05,0.9999104334893546,9.921039595426588,16.059859601585185,1.4326984713013399e-11,0.0,4.9430770265994,0.0
