block_id,p_star,y,h,canonical_z,neg_Q,is_tail,scale_bin,decade,depth_bin,mu_bin,h_bin,pstar_mod_30,y_mod_30,h_mod_30,Q_pp,Qpp_over_denom,cp_ratio,prime_count,local_prime_count,d_worst,mu_over_sqrt_p,recovery_position,recovery_pos_bin,shell_pattern,shell_active_count,canonical_scaled_E_post,denom_sqrt_h_logB
272,39651113,39650618,347,-0.03946320129494251,0.03946320129494251,False,p<100M,1e7-1e8,0.50-0.55,0.25-0.50,257<=h<=1024,23,8,17,0.0,0.0,0.0666565964958798,23,23,0.5130079418849849,0.2726447000019765,0.1885245901639344,0.05-0.25,11111,5,-225.017450814545,5701.956339851794
41,604672261,604520611,151650,-0.03437235322817768,0.03437235322817768,True,p>=500M,1e8-1e9,0.55-0.60,0.018-0.05,h>8192,1,1,0,0.0,0.0,0.7568596623500748,7420,7420,0.5650676485722232,0.0188625554143685,0.0,<=0.05,11111,5,-5472.694999435189,159217.93201370913
320,604702619,604700469,2150,-0.03379206010566899,0.03379206010566899,True,p>=500M,1e8-1e9,0.50-0.55,0.25-0.50,1025<=h<=8192,29,9,20,0.0,0.0,0.0924905344982734,94,94,0.5104435141450901,0.2683711374458009,0.023614895549500452,<=0.05,11111,5,-640.6293431726679,18957.984247465138
87,109467389,109460158,7231,-0.03085627775811593,0.03085627775811593,False,100M<=p<500M,1e8-1e9,0.50-0.55,0.05-0.10,1025<=h<=8192,29,28,1,0.0,0.0,0.2045445847739718,381,381,0.5381612551129792,0.0998400260208556,0.04729907773386034,<=0.05,11111,5,-899.1019044484319,29138.378630648243
382,604365031,604363228,1803,-0.028712832289133048,0.028712832289133048,True,p>=500M,1e8-1e9,0.50-0.55,0.10-0.25,1025<=h<=8192,1,28,3,0.0,0.0,0.0869939928500895,82,82,0.5084790056660465,0.2431835239261652,0.04704016913319239,<=0.05,11111,5,-498.4514197924093,17359.88337106884
69,108581987,108578163,3824,-0.027161565718783934,0.027161565718783934,False,100M<=p<500M,1e8-1e9,0.50-0.55,0.10-0.25,1025<=h<=8192,17,3,14,0.0,0.0,0.1469597990717332,185,185,0.5466631288926747,0.2261287513281542,0.031408308004052685,<=0.05,11111,5,-575.0409801354708,21171.12783884155
338,108591737,108591025,712,-0.02645383966100752,0.02645383966100752,False,100M<=p<500M,1e8-1e9,0.50-0.55,0.25-0.50,257<=h<=1024,17,25,22,0.0,0.0,0.0670776998596762,36,36,0.5095535764984479,0.2570099155011029,0.07049608355091384,0.05-0.25,11111,5,-241.66735093224668,9135.435688319378
271,187425023,187423758,1265,-0.023709331286169727,0.023709331286169727,False,100M<=p<500M,1e8-1e9,0.50-0.55,0.25-0.50,1025<=h<=8192,23,18,5,0.0,0.0,0.0855229588678136,63,63,0.5130231570030996,0.2518280977890102,0.11040787623066103,0.05-0.25,11111,5,-305.9876444624281,12905.789740300212
130,109678603,109674416,4187,-0.022891283783521853,0.022891283783521853,False,100M<=p<500M,1e8-1e9,0.50-0.55,0.10-0.25,1025<=h<=8192,13,26,17,0.0,0.0,0.1528036364238857,213,213,0.528376609411706,0.1384579101635149,0.015749882463563705,<=0.05,11111,5,-507.6662298938127,22177.272130943267
64,604810421,604757400,53021,-0.022823540091301494,0.022823540091301494,True,p>=500M,1e8-1e9,0.50-0.55,0.018-0.05,h>8192,11,0,11,0.0,0.0,0.4494568065190746,2571,2571,0.5487978692884932,0.0413509791397858,0.007877699187904645,<=0.05,11111,5,-2148.758214729598,94146.57875745282
299,39651863,39651244,619,-0.022664588588850898,0.022664588588850898,False,p<100M,1e7-1e8,0.50-0.55,0.10-0.25,257<=h<=1024,23,4,19,0.0,0.0,0.0700647985436921,34,34,0.5111542890712376,0.2089995144379897,0.07057057057057058,0.05-0.25,11111,5,-172.60495297030388,7615.622595294372
279,40863643,40862800,843,-0.022469407785219782,0.022469407785219782,False,p<100M,1e7-1e8,0.50-0.55,0.10-0.25,257<=h<=1024,13,10,3,0.0,0.0,0.0829200752976066,48,48,0.5124156361515416,0.164907531940699,0.11820083682008369,0.05-0.25,11111,5,-200.3819979554493,8917.99195914986
209,40866037,40865652,274,-0.022308152148310185,0.022308152148310185,False,p<100M,1e7-1e8,0.50-0.55,0.25-0.50,257<=h<=1024,7,12,4,0.0,0.0,0.0613874169888523,17,17,0.5179780210414819,0.4954488651245134,0.22064777327935223,0.05-0.25,11111,5,-113.42141780584176,5084.303578879494
163,109511267,109509400,1867,-0.022303999796248364,0.022303999796248364,False,100M<=p<500M,1e8-1e9,0.50-0.55,0.10-0.25,1025<=h<=8192,17,10,7,0.0,0.0,0.1088223400603969,96,96,0.5229691244821333,0.2206466169513801,0.12593632958801498,0.05-0.25,11111,5,-330.24778773035746,14806.662067218394
91,179602723,179595316,7407,-0.022268676840985966,0.022268676840985966,False,100M<=p<500M,1e8-1e9,0.50-0.55,0.10-0.25,1025<=h<=8192,13,16,27,0.0,0.0,0.1917202756433796,366,366,0.5376464937949953,0.1317267680327341,0.015811852245548763,<=0.05,11111,5,-692.3230962134858,31089.54794023732
111,30780011,30777698,2313,-0.021876614984444962,0.021876614984444962,False,p<100M,1e7-1e8,0.50-0.55,0.10-0.25,1025<=h<=8192,11,8,3,0.0,0.0,0.1309387070981607,126,126,0.5309952999263841,0.1427322285349701,0.01574468085106383,<=0.05,11111,5,-312.79670168083385,14298.222183973308
139,109556411,109553597,2814,-0.02152190019355062,0.02152190019355062,False,100M<=p<500M,1e8-1e9,0.50-0.55,0.10-0.25,1025<=h<=8192,11,17,24,0.0,0.0,0.1307278386246201,145,145,0.5262347117230012,0.1801352322732363,0.0945945945945946,0.05-0.25,11111,5,-391.2433812218751,18178.84934431196
443,604711937,604711166,771,-0.021085710397377805,0.021085710397377805,True,p>=500M,1e8-1e9,0.50-0.55,0.25-0.50,257<=h<=1024,17,26,21,0.0,0.0,0.0595213337383874,34,34,0.5069004732672138,0.3749579265399366,0.14142538975501115,0.05-0.25,11111,5,-239.3806359663349,11352.742281621397
178,109496207,109495510,697,-0.021038775957499166,0.021038775957499166,False,100M<=p<500M,1e8-1e9,0.50-0.55,0.50-1.00,257<=h<=1024,17,10,7,0.0,0.0,0.0652388028843534,28,28,0.5208023032075147,0.5938651999406811,0.07066666666666667,0.05-0.25,11111,5,-190.33357737704387,9046.79900396964
463,604208581,604207847,503,-0.02022870464107225,0.02022870464107225,True,p>=500M,1e8-1e9,0.50-0.55,0.50-1.00,257<=h<=1024,1,17,23,0.0,0.0,0.055570383439438,24,24,0.5064781916090058,0.5007093759924465,0.0316622691292876,<=0.05,11111,5,-185.47692356779783,9168.996574857616
215,604883911,604879711,4200,-0.02015507619056956,0.02015507619056956,True,p>=500M,1e8-1e9,0.50-0.55,0.10-0.25,1025<=h<=8192,1,1,0,0.0,0.0,0.1286153186276067,187,187,0.5174284120212457,0.2251952976621232,0.023709902370990237,<=0.05,11111,5,-534.0659550245737,26497.83855813256
297,604724143,604718720,5423,-0.020104447248294032,0.020104447248294032,True,p>=500M,1e8-1e9,0.50-0.55,0.10-0.25,1025<=h<=8192,13,20,23,0.0,0.0,0.1444593757832343,254,254,0.5111967758595328,0.1183179348741576,0.007866813025978778,<=0.05,11111,5,-605.3219137090591,30108.856325827302
680,604865039,604864888,3,-0.019754849314279888,0.019754849314279888,True,p>=500M,1e8-1e9,0.50-0.55,>=1.00,h<=4,29,28,3,0.0,0.0,0.0585344103602869,2,2,0.5033495773545552,1.0970228348395437,0.44074074074074077,0.25-0.50,10100,2,-13.990035387645456,708.1823386793789
258,179145961,179143998,1963,-0.018796074136079064,0.018796074136079064,False,100M<=p<500M,1e8-1e9,0.50-0.55,0.10-0.25,1025<=h<=8192,1,18,13,0.0,0.0,0.0992292790633997,95,95,0.5137470080736206,0.1842296176947366,0.015546639919759278,<=0.05,11111,5,-300.74897400885175,16000.6271432801
608,604715411,604715326,3,-0.01874942984978795,0.01874942984978795,True,p>=500M,1e8-1e9,0.50-0.55,0.50-1.00,h<=4,11,16,3,0.0,0.0,0.0575299398750813,2,2,0.5041549213928108,0.6199835263324512,0.7774869109947644,0.75-0.95,10100,2,-13.277690159980471,708.1650090885637
118,179650181,179648340,1841,-0.018723683895514986,0.018723683895514986,False,100M<=p<500M,1e8-1e9,0.50-0.55,0.25-0.50,1025<=h<=8192,11,0,11,0.0,0.0,0.0958698914280892,77,77,0.5296956933022615,0.4114629737177304,0.015508021390374332,<=0.05,11111,5,-290.2174378660643,15500.018024528928
181,180635669,180633960,1709,-0.01867278741617868,0.01867278741617868,False,100M<=p<500M,1e8-1e9,0.50-0.55,0.25-0.50,1025<=h<=8192,29,0,29,0.0,0.0,0.0931836500249432,76,76,0.5206382279255354,0.3360819510214528,0.023428571428571427,<=0.05,11111,5,-279.020081487196,14942.604725711406
105,604432601,604410439,22162,-0.0185650504340669,0.0185650504340669,True,p>=500M,1e8-1e9,0.50-0.55,0.05-0.10,h>8192,11,19,22,0.0,0.0,0.2914811871626422,1062,1062,0.5334724890412538,0.0692256786570605,0.0078789506670248,<=0.05,11111,5,-1129.9373148132,60863.681401035305
350,178894987,178894798,3,-0.018563746874519164,0.018563746874519164,False,100M<=p<500M,1e8-1e9,0.50-0.55,>=1.00,h<=4,7,28,3,0.0,0.0,0.0624748732312566,2,2,0.5093324645641792,1.1220151127475742,0.2894736842105263,0.25-0.50,10100,2,-11.610182363046729,625.4223590488089
183,109726069,109724532,1537,-0.018535174756034445,0.018535174756034445,False,100M<=p<500M,1e8-1e9,0.50-0.55,0.25-0.50,1025<=h<=8192,19,12,7,0.0,0.0,0.0924099628241718,72,72,0.5206202622554175,0.2806423184946106,0.016005121638924456,<=0.05,11111,5,-249.06377370785867,13437.357725843489
78,3441797,3441229,568,-0.01826160714045132,0.01826160714045132,False,p<100M,1e6-1e7,0.50-0.55,0.10-0.25,257<=h<=1024,17,19,28,0.0,0.0,0.0865309897820664,34,34,0.5395140348759366,0.2364809512915388,0.030716723549488054,<=0.05,11111,5,-98.59910576164287,5399.256757814914
559,179412683,179412616,3,-0.01809724491802191,0.01809724491802191,False,100M<=p<500M,1e8-1e9,0.50-0.55,0.50-1.00,h<=4,23,16,3,0.0,0.0,0.0619950192191761,2,2,0.5046693825929665,0.9366262333476564,0.6277777777777778,0.50-0.75,10100,2,-11.32186424801846,625.612589060102
184,604356173,604335487,20686,-0.017950843415599656,0.017950843415599656,True,p>=500M,1e8-1e9,0.50-0.55,0.018-0.05,h>8192,23,7,16,0.0,0.0,0.2819169646022565,1005,1005,0.5205875205310606,0.0468781621859058,0.007865707434052759,<=0.05,11111,5,-1055.5320602935026,58801.251610062136
219,604167899,604161649,6250,-0.01794450994623471,0.01794450994623471,True,p>=500M,1e8-1e9,0.50-0.55,0.10-0.25,1025<=h<=8192,29,19,10,0.0,0.0,0.1550942530280692,290,290,0.5172732423296151,0.1340000012880298,0.007936507936507936,<=0.05,11111,5,-579.9713449901546,32320.266573334306
98,33843191,33842396,795,-0.01786698348384646,0.01786698348384646,False,p<100M,1e7-1e8,0.50-0.55,0.25-0.50,257<=h<=1024,11,26,15,0.0,0.0,0.0761893412087709,35,35,0.5345501807262867,0.4769763734223912,0.02334152334152334,<=0.05,11111,5,-151.42414938407126,8475.081958908948
301,604360789,604358714,2075,-0.017860118525054897,0.017860118525054897,True,p>=500M,1e8-1e9,0.50-0.55,0.25-0.50,1025<=h<=8192,19,14,5,0.0,0.0,0.0905498237696835,91,91,0.5110799580241403,0.2567016929339186,0.03127917833800187,<=0.05,11111,5,-332.61514908516074,18623.34500292116
432,604813747,604812190,1557,-0.017778306486607668,0.017778306486607668,True,p>=500M,1e8-1e9,0.50-0.55,0.10-0.25,1025<=h<=8192,7,10,27,0.0,0.0,0.0809591793277333,72,72,0.5071543563506292,0.2157421214577808,0.047123623011015914,<=0.05,11111,5,-286.8240189118285,16133.371259399311
241,40846543,40846297,128,-0.017631206691171575,0.017631206691171575,False,p<100M,1e7-1e8,0.50-0.55,0.50-1.00,65<=h<=256,13,7,8,0.0,0.0,0.0576405602980837,11,11,0.5148229707481402,0.5100416853509171,0.3526315789473684,0.25-0.50,11111,5,-61.26600565262925,3474.8617451865503
327,109497203,109497076,3,-0.017588553985587244,0.017588553985587244,False,100M<=p<500M,1e8-1e9,0.50-0.55,0.50-1.00,h<=4,23,16,3,0.0,0.0,0.0638594994842023,2,2,0.5099744377853106,0.994406721691662,0.43805309734513276,0.25-0.50,10100,2,-10.439260685639727,593.5258062825443
304,604870961,604869251,1710,-0.01751015553677154,0.01751015553677154,True,p>=500M,1e8-1e9,0.50-0.55,0.25-0.50,1025<=h<=8192,11,11,0,0.0,0.0,0.084228112951883,75,75,0.5110119311425245,0.2960057158298597,0.055248618784530384,0.05-0.25,11111,5,-296.0553706547587,16907.637972320623
316,604434563,604433380,1183,-0.017499423222618864,0.017499423222618864,True,p>=500M,1e8-1e9,0.50-0.55,0.25-0.50,1025<=h<=8192,23,10,13,0.0,0.0,0.0706267903397897,48,48,0.5105318094227971,0.4402289565620084,0.05511182108626198,0.05-0.25,11111,5,-246.0764136513368,14061.97281595378
57,179620853,179616870,3983,-0.01734757717544536,0.01734757717544536,False,100M<=p<500M,1e8-1e9,0.55-0.60,0.25-0.50,1025<=h<=8192,23,0,23,0.0,0.0,0.1434186712486546,176,176,0.5561088242646545,0.3345482204258432,0.04712918660287081,<=0.05,11111,5,-395.495757607358,22798.32818194132
12,3279709,3278912,797,-0.017344614750364543,0.017344614750364543,False,p<100M,1e6-1e7,0.60-0.65,0.25-0.50,257<=h<=1024,19,2,17,0.0,0.0,0.1060058846880691,42,42,0.6235492881763838,0.4174089909971991,0.0860091743119266,0.05-0.25,11111,5,-110.22126572475428,6354.78315956471
175,12776941,12776609,332,-0.017323802955789655,0.017323802955789655,False,p<100M,1e7-1e8,0.50-0.55,0.25-0.50,257<=h<=1024,1,29,2,0.0,0.0,0.0675855848506355,21,21,0.521066220051637,0.3102327233864931,0.2905982905982906,0.25-0.50,11111,5,-84.51742159025667,4878.687537946786
635,109814437,109814320,3,-0.017119019784247874,0.017119019784247874,False,100M<=p<500M,1e8-1e9,0.50-0.55,0.50-1.00,h<=4,7,10,3,0.0,0.0,0.0633755060442757,2,2,0.503832284347281,0.8248869568317236,0.25949367088607594,0.25-0.50,10100,2,-10.16375609912765,593.7113355333502
370,179411909,179411668,3,-0.017008446329552483,0.017008446329552483,False,100M<=p<500M,1e8-1e9,0.50-0.55,0.25-0.50,h<=4,29,28,3,0.0,0.0,0.0609062405598658,2,2,0.5088328774479058,0.4755938532421187,0.5418250950570342,0.50-0.75,10100,2,-10.640693313350678,625.6123050382492
411,179436077,179435746,3,-0.016914177320963245,0.016914177320963245,False,100M<=p<500M,1e8-1e9,0.50-0.55,0.25-0.50,h<=4,17,16,3,0.0,0.0,0.0608113493141144,2,2,0.5076667264614221,0.445165140625516,0.28969957081545067,0.25-0.50,10100,2,-10.581867456172755,625.621173017839
160,33870121,33869043,1078,-0.016846602726609126,0.016846602726609126,False,p<100M,1e7-1e8,0.50-0.55,0.10-0.25,1025<=h<=8192,1,3,28,0.0,0.0,0.0914618710863124,57,57,0.5232136310345508,0.23955614321944,0.07863247863247863,0.05-0.25,11111,5,-166.27306648425542,9869.827714381128
243,30781319,30781182,7,-0.016842403132266606,0.016842403132266606,False,p<100M,1e7-1e8,0.50-0.55,0.50-1.00,5<=h<=16,29,12,7,0.0,0.0,0.0666639054628127,3,3,0.5145396995342892,0.5629218044653177,0.6674757281553398,0.50-0.75,11111,5,-13.247973291973452,786.5845026944545
453,180641999,180641716,3,-0.016834125977533268,0.016834125977533268,False,100M<=p<500M,1e8-1e9,0.50-0.55,0.25-0.50,h<=4,29,16,3,0.0,0.0,0.060700372540659,2,2,0.5067003836203221,0.4066469180865404,0.40794979079497906,0.25-0.50,10100,2,-10.539210483934555,626.0622320398534
