gap_start,gap_end,gap_size,gap_safety_status
604141169,604141326,157,unknown_first_exit_impossibility_not_proven
604141327,604141552,225,unknown_first_exit_impossibility_not_proven
604141553,604141756,203,unknown_first_exit_impossibility_not_proven
604141757,604142790,1033,unknown_first_exit_impossibility_not_proven
604143557,604143750,193,unknown_first_exit_impossibility_not_proven
604143751,604143796,45,unknown_first_exit_impossibility_not_proven
604143797,604150566,6769,unknown_first_exit_impossibility_not_proven
604150567,604150626,59,unknown_first_exit_impossibility_not_proven
604150627,604150726,99,unknown_first_exit_impossibility_not_proven
604150727,604150786,59,unknown_first_exit_impossibility_not_proven
604150787,604150828,41,unknown_first_exit_impossibility_not_proven
604150829,604150990,161,unknown_first_exit_impossibility_not_proven
604150991,604157050,6059,unknown_first_exit_impossibility_not_proven
604157051,604160736,3685,unknown_first_exit_impossibility_not_proven
604160737,604161649,912,unknown_first_exit_impossibility_not_proven
604167899,604170576,2677,unknown_first_exit_impossibility_not_proven
604170577,604170642,65,unknown_first_exit_impossibility_not_proven
604170643,604176892,6249,unknown_first_exit_impossibility_not_proven
604176893,604193620,16727,unknown_first_exit_impossibility_not_proven
604193621,604203810,10189,unknown_first_exit_impossibility_not_proven
604203811,604205268,1457,unknown_first_exit_impossibility_not_proven
604205269,604205662,393,unknown_first_exit_impossibility_not_proven
604205663,604205808,145,unknown_first_exit_impossibility_not_proven
604205809,604206345,536,unknown_first_exit_impossibility_not_proven
604206971,604207242,271,unknown_first_exit_impossibility_not_proven
604207243,604207847,604,unknown_first_exit_impossibility_not_proven
604208350,604322440,114090,unknown_first_exit_impossibility_not_proven
604322441,604325296,2855,unknown_first_exit_impossibility_not_proven
604325297,604325338,41,unknown_first_exit_impossibility_not_proven
604325339,604335487,10148,unknown_first_exit_impossibility_not_proven
604356173,604356978,805,unknown_first_exit_impossibility_not_proven
604356979,604357392,413,unknown_first_exit_impossibility_not_proven
604357393,604357542,149,unknown_first_exit_impossibility_not_proven
604357543,604358714,1171,unknown_first_exit_impossibility_not_proven
604360789,604361010,221,unknown_first_exit_impossibility_not_proven
604361011,604361110,99,unknown_first_exit_impossibility_not_proven
604361111,604363228,2117,unknown_first_exit_impossibility_not_proven
604365031,604365196,165,unknown_first_exit_impossibility_not_proven
604365197,604365232,35,unknown_first_exit_impossibility_not_proven
604365233,604365312,79,unknown_first_exit_impossibility_not_proven
604365313,604410439,45126,unknown_first_exit_impossibility_not_proven
604432601,604432650,49,unknown_first_exit_impossibility_not_proven
604432651,604432680,29,unknown_first_exit_impossibility_not_proven
604432681,604432770,89,unknown_first_exit_impossibility_not_proven
604432771,604433380,609,unknown_first_exit_impossibility_not_proven
604434563,604435092,529,unknown_first_exit_impossibility_not_proven
604435093,604435456,363,unknown_first_exit_impossibility_not_proven
604435457,604435822,365,unknown_first_exit_impossibility_not_proven
604435823,604520611,84788,unknown_first_exit_impossibility_not_proven
604672261,604672806,545,unknown_first_exit_impossibility_not_proven
604672807,604672950,143,unknown_first_exit_impossibility_not_proven
604672951,604673086,135,unknown_first_exit_impossibility_not_proven
604673087,604674856,1769,unknown_first_exit_impossibility_not_proven
604674857,604675732,875,unknown_first_exit_impossibility_not_proven
604675733,604676122,389,unknown_first_exit_impossibility_not_proven
604676123,604676182,59,unknown_first_exit_impossibility_not_proven
604676183,604676356,173,unknown_first_exit_impossibility_not_proven
604676357,604676710,353,unknown_first_exit_impossibility_not_proven
604676711,604678228,1517,unknown_first_exit_impossibility_not_proven
604678229,604678930,701,unknown_first_exit_impossibility_not_proven
604681513,604682818,1305,unknown_first_exit_impossibility_not_proven
604685377,604685566,189,unknown_first_exit_impossibility_not_proven
604685567,604685980,413,unknown_first_exit_impossibility_not_proven
604685981,604686096,115,unknown_first_exit_impossibility_not_proven
604686097,604687002,905,unknown_first_exit_impossibility_not_proven
604687003,604687078,75,unknown_first_exit_impossibility_not_proven
604687079,604691158,4079,unknown_first_exit_impossibility_not_proven
604691159,604691686,527,unknown_first_exit_impossibility_not_proven
604691687,604691862,175,unknown_first_exit_impossibility_not_proven
604691863,604692162,299,unknown_first_exit_impossibility_not_proven
604692163,604692298,135,unknown_first_exit_impossibility_not_proven
604692299,604692526,227,unknown_first_exit_impossibility_not_proven
604692527,604692972,445,unknown_first_exit_impossibility_not_proven
604692973,604693020,47,unknown_first_exit_impossibility_not_proven
604693021,604693458,437,unknown_first_exit_impossibility_not_proven
604693459,604693498,39,unknown_first_exit_impossibility_not_proven
604693499,604693768,269,unknown_first_exit_impossibility_not_proven
604693769,604698078,4309,unknown_first_exit_impossibility_not_proven
604698079,604700469,2390,unknown_first_exit_impossibility_not_proven
604702619,604704593,1974,unknown_first_exit_impossibility_not_proven
604708931,604711166,2235,unknown_first_exit_impossibility_not_proven
604711937,604712202,265,unknown_first_exit_impossibility_not_proven
604712203,604712502,299,unknown_first_exit_impossibility_not_proven
604712503,604713502,999,unknown_first_exit_impossibility_not_proven
604713503,604713540,37,unknown_first_exit_impossibility_not_proven
604713541,604715326,1785,unknown_first_exit_impossibility_not_proven
604715329,604715536,207,unknown_first_exit_impossibility_not_proven
604715537,604715860,323,unknown_first_exit_impossibility_not_proven
604715861,604718720,2859,unknown_first_exit_impossibility_not_proven
604724143,604724506,363,unknown_first_exit_impossibility_not_proven
604724507,604757400,32893,unknown_first_exit_impossibility_not_proven
604810421,604810680,259,unknown_first_exit_impossibility_not_proven
604810681,604810752,71,unknown_first_exit_impossibility_not_proven
604810753,604810846,93,unknown_first_exit_impossibility_not_proven
604810847,604811016,169,unknown_first_exit_impossibility_not_proven
604811017,604811068,51,unknown_first_exit_impossibility_not_proven
604811069,604811166,97,unknown_first_exit_impossibility_not_proven
604811167,604811352,185,unknown_first_exit_impossibility_not_proven
604811353,604812190,837,unknown_first_exit_impossibility_not_proven
604813747,604813788,41,unknown_first_exit_impossibility_not_proven
604813789,604813830,41,unknown_first_exit_impossibility_not_proven
604813831,604814008,177,unknown_first_exit_impossibility_not_proven
604814009,604814238,229,unknown_first_exit_impossibility_not_proven
604814239,604814332,93,unknown_first_exit_impossibility_not_proven
604814333,604814518,185,unknown_first_exit_impossibility_not_proven
604814519,604814920,401,unknown_first_exit_impossibility_not_proven
604814921,604819805,4884,unknown_first_exit_impossibility_not_proven
604822567,604828962,6395,unknown_first_exit_impossibility_not_proven
604828963,604829736,773,unknown_first_exit_impossibility_not_proven
604829737,604830076,339,unknown_first_exit_impossibility_not_proven
604830077,604838292,8215,unknown_first_exit_impossibility_not_proven
604838293,604844050,5757,unknown_first_exit_impossibility_not_proven
604848841,604848940,99,unknown_first_exit_impossibility_not_proven
604848941,604849312,371,unknown_first_exit_impossibility_not_proven
604849313,604849350,37,unknown_first_exit_impossibility_not_proven
604849351,604863730,14379,unknown_first_exit_impossibility_not_proven
604863731,604864228,497,unknown_first_exit_impossibility_not_proven
604864229,604864276,47,unknown_first_exit_impossibility_not_proven
604864277,604864888,611,unknown_first_exit_impossibility_not_proven
604864891,604866090,1199,unknown_first_exit_impossibility_not_proven
604866091,604866190,99,unknown_first_exit_impossibility_not_proven
604866191,604866472,281,unknown_first_exit_impossibility_not_proven
604866473,604869251,2778,unknown_first_exit_impossibility_not_proven
604870961,604871020,59,unknown_first_exit_impossibility_not_proven
604871021,604871248,227,unknown_first_exit_impossibility_not_proven
604871249,604872087,838,unknown_first_exit_impossibility_not_proven
604872091,604872286,195,unknown_first_exit_impossibility_not_proven
604872287,604872472,185,unknown_first_exit_impossibility_not_proven
604872473,604872550,77,unknown_first_exit_impossibility_not_proven
604872551,604872576,25,unknown_first_exit_impossibility_not_proven
604872577,604872720,143,unknown_first_exit_impossibility_not_proven
604872721,604872760,39,unknown_first_exit_impossibility_not_proven
604872761,604872802,41,unknown_first_exit_impossibility_not_proven
604872803,604872870,67,unknown_first_exit_impossibility_not_proven
604872871,604873176,305,unknown_first_exit_impossibility_not_proven
604873177,604873348,171,unknown_first_exit_impossibility_not_proven
604873349,604874232,883,unknown_first_exit_impossibility_not_proven
604874233,604874692,459,unknown_first_exit_impossibility_not_proven
604874693,604879711,5018,unknown_first_exit_impossibility_not_proven
604883911,604884126,215,unknown_first_exit_impossibility_not_proven
604884127,604884330,203,unknown_first_exit_impossibility_not_proven
