scope,rows,Qmax,Qmean,Qmedian,Q95,Q99,pass_Q_le_1_frac,pass_Q_le_0p75_frac,pass_Q_le_0p5_frac,pass_Q_le_0p25_frac,theta_local_norm_max,theta_local_norm_median,median_h,median_p_star,best_k4_corr_proxy_median,worst_block_id,worst_p_star,worst_h
positive:global,1320,0.2157084836048593,0.05974208202963205,0.057717756889844846,0.07588258117850578,0.10698189098852476,1.0,1.0,1.0,1.0,0.1638184076850698,0.0538871400387491,1.0,39691405.0,0.0011830359549921,34,127,1
depth:0.50-0.55,1296,0.2157084836048593,0.05906270281791576,0.057631622775218605,0.072517324301685,0.09527296643361699,1.0,1.0,1.0,1.0,0.1638184076850698,0.0538208084565133,1.0,40615272.0,0.0011829318887838498,34,127,1
h:h=1,1241,0.2157084836048593,0.05920856612092027,0.0574831963320775,0.0732650773543473,0.1055598987070111,1.0,1.0,1.0,1.0,0.1638184076850698,0.0538866741783313,1.0,39699377.0,0.0011829101158961,34,127,1
tail:False,1200,0.2157084836048593,0.06071812261112572,0.0580394136574902,0.07793649505936039,0.10874384066706176,1.0,1.0,1.0,1.0,0.1638184076850698,0.0543460456338781,1.0,33920341.0,0.0012045021020077999,34,127,1
scale:p<100M,725,0.2157084836048593,0.06509659133262086,0.0598206042552528,0.08476889177062334,0.12455793505392568,1.0,1.0,1.0,1.0,0.1638184076850698,0.0546760498253001,1.0,30355397.0,0.0012665939006254,34,127,1
mu:0.50-1.00,571,0.2157084836048593,0.06009068061115936,0.0576533742965644,0.07793774809956386,0.11619091411178607,1.0,1.0,1.0,1.0,0.1638184076850698,0.0538905616124254,1.0,39641299.0,0.0012044925201243,34,127,1
pstar_mod_30:7,160,0.2157084836048593,0.061793618720055746,0.058232887225882796,0.07952985562483214,0.12108615659664108,1.0,1.0,1.0,1.0,0.1638184076850698,0.05434523161691285,1.0,33919522.0,0.00120445130108375,34,127,1
y_mod_30:6,150,0.2157084836048593,0.06144609147414074,0.05783007712899765,0.07836744367187232,0.12411385656291042,1.0,1.0,1.0,1.0,0.1638184076850698,0.0538912076770181,1.0,33925507.0,0.0011831220073525999,34,127,1
pstar_mod_30:1,146,0.1912764152417241,0.05932165582263175,0.05758318101299895,0.07177776259370866,0.10166267340945641,1.0,1.0,1.0,1.0,0.1519376986384418,0.051635378080602354,1.0,40873216.0,0.0011789490614764,11,211,1
y_mod_30:0,138,0.1912764152417241,0.058842812435686224,0.05611013104082825,0.07128712258878647,0.10224768662766293,1.0,1.0,1.0,1.0,0.1519376986384418,0.0524637125494438,1.0,74706420.0,0.00111838044882265,11,211,1
depth:0.60-0.65,5,0.1912764152417241,0.11327739223438633,0.0943896668138165,0.1723860865015658,0.18749834949369243,1.0,1.0,1.0,1.0,0.1519376986384418,0.0849225570081055,1.0,43133.0,0.0031796264553406,11,211,1
pstar_mod_30:23,181,0.1707575979731007,0.05863481375111541,0.0546489093154635,0.0738165199461072,0.09530824331695749,1.0,1.0,1.0,1.0,0.1450570376438435,0.0511242408134253,1.0,108586733.0,0.0010577874233038,59,293,1
y_mod_30:22,171,0.1707575979731007,0.058220868655959546,0.0545676585381428,0.0727302512003902,0.0953317612391845,1.0,1.0,1.0,1.0,0.1450570376438435,0.0511241011871304,1.0,108592553.0,0.0010577466695403,59,293,1
mu:0.25-0.50,137,0.1707575979731007,0.06123605604990353,0.0574062037622427,0.08149502980577393,0.10810121965014312,1.0,1.0,1.0,1.0,0.1450570376438435,0.0538884743806344,1.0,39674683.0,0.0011576999128169,59,293,1
mu:>=1.00,597,0.1648068982246287,0.05889945034358215,0.0579407179303479,0.07279020876036817,0.09410886871769421,1.0,1.0,1.0,1.0,0.135776208151487,0.053805192767221,1.0,40835357.0,0.001179104553932,106,479,1
pstar_mod_30:29,180,0.1648068982246287,0.06064764969644373,0.05792493113391755,0.07663572078172465,0.12583735972841312,1.0,1.0,1.0,1.0,0.135776208151487,0.0538871248052571,1.0,39666674.0,0.0011831109281738,106,479,1
y_mod_30:28,176,0.1648068982246287,0.06119030113640474,0.057874462950152444,0.08257338801027035,0.12595831071586702,1.0,1.0,1.0,1.0,0.135776208151487,0.0538909706454154,1.0,39693614.0,0.00118293117681385,106,479,1
pstar_mod_30:13,175,0.1551610461475472,0.05910129196105487,0.0576454444892701,0.07256178832185921,0.08945127868754292,1.0,1.0,1.0,1.0,0.1299853261832927,0.0538884743806344,1.0,39691573.0,0.0011829942530847,202,673,1
y_mod_30:12,168,0.1551610461475472,0.058765617944413574,0.05758172232612195,0.07164494090643557,0.08611930826324204,1.0,1.0,1.0,1.0,0.1299853261832927,0.053887858669819294,1.0,39683128.0,0.0011790883567304,202,673,1
depth:0.55-0.60,17,0.1389495863976313,0.09058248425921948,0.0917954514179663,0.1258037042804357,0.13632040997419217,1.0,1.0,1.0,1.0,0.1167037763024239,0.0736954721948265,3.0,356243.0,0.0025588807575882,37,1657,1
pstar_mod_30:17,158,0.1225172337511368,0.06024812264305604,0.05811908844703455,0.08003588126452049,0.1161688490331302,1.0,1.0,1.0,1.0,0.1019121772932965,0.05434985323136535,1.0,33892097.0,0.00120466952464895,48,3440807,811
mu:0.10-0.25,15,0.1225172337511368,0.06636387441246609,0.0572404470284414,0.10345708571734585,0.1187052041443786,1.0,1.0,1.0,1.0,0.0766406167450937,0.0511003197001628,1.0,30784867.0,0.001056703261255,48,3440807,811
h:257<=h<=1024,9,0.1225172337511368,0.07858957794821722,0.0675855848506355,0.11162572058897055,0.12033893111870354,1.0,1.0,1.0,1.0,0.0141239471794488,0.0047083460199858,350.0,31026421.0,-0.0021967627903795,48,3440807,811
y_mod_30:19,1,0.1225172337511368,0.1225172337511368,0.1225172337511368,0.1225172337511368,0.1225172337511368,1.0,1.0,1.0,1.0,0.0072712465886281,0.0072712465886281,811.0,3440807.0,-0.004195654339344,48,3440807,811
y_mod_30:16,162,0.1166604661931528,0.059630493002358266,0.0581474087260119,0.07330662120521399,0.08445107563978174,1.0,1.0,1.0,1.0,0.1019121772932965,0.054352327754149846,1.0,33913142.0,0.00120466952464895,1136,5897,1
h:2<=h<=4,61,0.1157979799474991,0.066789112661539,0.063077134089216,0.0917954514179663,0.10297004611857292,1.0,1.0,1.0,1.0,0.0972921006486078,0.0573214083021299,3.0,33862799.0,0.0016817872224629,2,24317,3
depth:>=0.70,2,0.1157979799474991,0.1039981167584101,0.1039981167584101,0.1146179936285902,0.11556198268371733,1.0,1.0,1.0,1.0,0.0972921006486078,0.0899657196264574,2.0,42119.0,0.0035462440268359497,2,24317,3
pstar_mod_30:19,135,0.1069835705399953,0.05988057590108888,0.0581434284620721,0.07421673945016016,0.09329602592160553,1.0,1.0,1.0,1.0,0.0927057894159821,0.054345711967931,1.0,33919969.0,0.0012046487125257,86,15859,1
y_mod_30:18,128,0.1069835705399953,0.05919951961339477,0.0580445778327761,0.07172986510809624,0.08982635535929073,1.0,1.0,1.0,1.0,0.0927057894159821,0.05434589512245585,1.0,33917808.0,0.00120448283285055,86,15859,1
y_mod_30:10,197,0.0944180902326222,0.05992344252538419,0.0578255929598368,0.0821701875887822,0.09220500740484529,1.0,1.0,1.0,1.0,0.0828006431181152,0.0538910486054268,1.0,40836461.0,0.001183110068383,26,230647,3
pstar_mod_30:11,185,0.0923670994574258,0.058574713957053735,0.0572224328808061,0.07654595107589793,0.09195023920597126,1.0,1.0,1.0,1.0,0.0828006431181152,0.0538032918185222,1.0,40882901.0,0.0011790731414504,20,58511,1
h:65<=h<=256,3,0.0899443884131837,0.06879675941471909,0.0588053295328899,0.08683048252515431,0.08932160723557782,1.0,1.0,1.0,1.0,0.0186420686144074,0.0067422977497207,205.0,39635819.0,-0.0017949287253072,14,1195669,205
y_mod_30:15,8,0.0841518906254193,0.061173861481664885,0.05678874964009,0.08012919990342138,0.08334735248101972,1.0,1.0,1.0,1.0,0.0612390577643984,0.0481890172717445,4.0,69928860.0,0.002650251489705,190,31026421,446
y_mod_30:8,2,0.0805833243274027,0.07361996041164125,0.07361996041164125,0.07988698793582655,0.08044405704908747,1.0,1.0,1.0,1.0,0.0097158401781245,0.0049823170945151995,476.0,36764751.0,-0.0021123058168592,194,33878389,605
h:5<=h<=16,6,0.0730965487832678,0.06564756182004271,0.0655756453463309,0.07148838795315401,0.07277491661724504,1.0,1.0,1.0,1.0,0.0581191865376321,0.054422730431355246,10.5,30584070.0,0.0008206724451004499,60,3291137,8
y_mod_30:5,2,0.0730965487832678,0.06681564985007629,0.06681564985007629,0.07246845888994864,0.07297093080460397,1.0,1.0,1.0,1.0,0.0581191865376321,0.05247559307685725,11.0,56381154.0,0.0015800795872513498,60,3291137,8
y_mod_30:29,1,0.0675855848506355,0.0675855848506355,0.0675855848506355,0.0675855848506355,0.0675855848506355,1.0,1.0,1.0,1.0,0.002382998470945,0.002382998470945,332.0,12776941.0,-0.0025615908665235,175,12776941,332
y_mod_30:11,1,0.0668106572193494,0.0668106572193494,0.0668106572193494,0.0668106572193494,0.0668106572193494,1.0,1.0,1.0,1.0,0.0021817902997086,0.0021817902997086,350.0,30851287.0,-0.0013184163326407,179,30851287,350
scale:100M<=p<500M,475,0.0638594994842023,0.05403519666779102,0.0537885048618473,0.05526986735835676,0.06280355223090758,1.0,1.0,1.0,1.0,0.0573481948942701,0.0510386540780064,1.0,177978791.0,0.0010564687778851,327,109497203,3
y_mod_30:27,7,0.0636678531151053,0.05713421137567346,0.0585493445209605,0.0627849397139295,0.06349127043487014,1.0,1.0,1.0,1.0,0.0553511856398291,0.0510239841549303,4.0,33862799.0,0.0030205006904872,232,7103387,4
y_mod_30:21,1,0.0624388750646292,0.0624388750646292,0.0624388750646292,0.0624388750646292,0.0624388750646292,1.0,1.0,1.0,1.0,0.0461690329162983,0.0461690329162983,16.0,12808469.0,0.0016935779284314,246,12808469,16
y_mod_30:14,1,0.0588053295328899,0.0588053295328899,0.0588053295328899,0.0588053295328899,0.0588053295328899,1.0,1.0,1.0,1.0,0.0059596707112021,0.0059596707112021,218.0,39635819.0,-0.0015747604972131,199,39635819,218
tail:True,120,0.0585344103602869,0.04998167621469551,0.049916660467031054,0.05045060587909455,0.056234009578331016,1.0,1.0,1.0,1.0,0.0528697920195814,0.0470095833001131,1.0,604692413.0,0.00088572546155995,680,604865039,3
scale:p>=500M,120,0.0585344103602869,0.04998167621469551,0.049916660467031054,0.05045060587909455,0.056234009578331016,1.0,1.0,1.0,1.0,0.0528697920195814,0.0470095833001131,1.0,604692413.0,0.00088572546155995,680,604865039,3
y_mod_30:9,5,0.0583129230101737,0.05516893998205237,0.0537613436683464,0.05814167312648892,0.05827867303343674,1.0,1.0,1.0,1.0,0.0510536577711306,0.0470862129848647,4.0,178907011.0,0.0025145046978443,255,33472553,4
y_mod_30:7,1,0.0576405602980837,0.0576405602980837,0.0576405602980837,0.0576405602980837,0.0576405602980837,1.0,1.0,1.0,1.0,0.0186420686144074,0.0186420686144074,128.0,40846543.0,-0.0017949287253072,241,40846543,128
