block_id,p_star,y,h,R_pp,R_bdy,R_leak_plus,R_o2p4_total,Q_pp,Q_bdy,Q_leak_plus,Q_o2p4_total,O2_subtotal_before_o2p4,O2_total_with_o2p4,O2_margin_remaining,dominant_component,is_tail,h_bin,p_scale_bin,mu_bin_if_available,depth_bin_if_available,shell_pattern,boundary_local_proxy,Q_leak_plus_diagnostic
680,604865039,604864888,3,0.0,13.990035387645454,0.0,13.990035387645454,0.0,0.019754849314279888,0.0,0.019754849314279888,0.0301511056,0.04990595491427989,0.9500940450857202,bdy,True,h<=4,p>=500M,>=1.00,0.50-0.55,10100,True,0.026982417331682686
608,604715411,604715326,3,0.0,13.277690159980471,0.0,13.277690159980471,0.0,0.01874942984978795,0.0,0.01874942984978795,0.0301511056,0.04890053544978795,0.951099464550212,bdy,True,h<=4,p>=500M,0.50-1.00,0.50-0.55,10100,True,0.026983077621651214
350,178894987,178894798,3,0.0,11.610182363046729,0.0,11.610182363046729,0.0,0.018563746874519164,0.0,0.018563746874519164,0.0301511056,0.04871485247451916,0.9512851475254809,bdy,False,h<=4,100M<=p<500M,>=1.00,0.50-0.55,10100,True,0.030552907379639706
559,179412683,179412616,3,0.0,11.32186424801846,0.0,11.32186424801846,0.0,0.01809724491802191,0.0,0.01809724491802191,0.0301511056,0.04824835051802191,0.9517516494819781,bdy,False,h<=4,100M<=p<500M,0.50-1.00,0.50-0.55,10100,True,0.030543617157515822
327,109497203,109497076,3,0.0,10.439260685639727,0.0,10.439260685639727,0.0,0.017588553985587244,0.0,0.017588553985587244,0.0301511056,0.04773965958558724,0.9522603404144128,bdy,False,h<=4,100M<=p<500M,0.50-1.00,0.50-0.55,10100,True,0.032194845121995434
635,109814437,109814320,3,0.0,10.16375609912765,0.0,10.16375609912765,0.0,0.017119019784247874,0.0,0.017119019784247874,0.0301511056,0.04727012538424787,0.9527298746157521,bdy,False,h<=4,100M<=p<500M,0.50-1.00,0.50-0.55,10100,True,0.03218478453339318
370,179411909,179411668,3,0.0,10.640693313350678,0.0,10.640693313350678,0.0,0.017008446329552483,0.0,0.017008446329552483,0.0301511056,0.047159551929552485,0.9528404480704475,bdy,False,h<=4,100M<=p<500M,0.25-0.50,0.50-0.55,10100,True,0.03054363102401855
411,179436077,179435746,3,0.0,10.581867456172755,0.0,10.581867456172755,0.0,0.016914177320963245,0.0,0.016914177320963245,0.0301511056,0.04706528292096324,0.9529347170790368,bdy,False,h<=4,100M<=p<500M,0.25-0.50,0.50-0.55,10100,True,0.030543198077839295
243,30781319,30781182,7,0.0,13.247973291973452,0.0,13.247973291973452,0.0,0.016842403132266606,0.0,0.016842403132266606,0.0301511056,0.046993508732266605,0.9530064912677334,bdy,False,5<=h<=16,p<100M,0.50-1.00,0.50-0.55,11111,True,0.026017601768539678
453,180641999,180641716,3,0.0,10.539210483934557,0.0,10.539210483934557,0.0,0.016834125977533268,0.0,0.016834125977533268,0.0301511056,0.04698523157753327,0.9530147684224667,bdy,False,h<=4,100M<=p<500M,0.25-0.50,0.50-0.55,10100,True,0.03052168048360668
486,179621809,179621500,3,0.0,10.527949989374736,0.0,10.527949989374736,0.0,0.01682616312005311,0.0,0.01682616312005311,0.0301511056,0.04697726872005311,0.9530227312799469,bdy,False,h<=4,100M<=p<500M,0.25-0.50,0.50-0.55,10100,True,0.030539873121559986
458,109709861,109709668,3,0.0,9.98275505198269,0.0,9.98275505198269,0.0,0.016815886718691983,0.0,0.016815886718691983,0.0301511056,0.04696699231869198,0.953033007681308,bdy,False,h<=4,100M<=p<500M,0.50-1.00,0.50-0.55,10100,True,0.0321880972648142
520,179378513,179378386,3,0.0,10.51858342024398,0.0,10.51858342024398,0.0,0.016813591102437513,0.0,0.016813591102437513,0.0301511056,0.04696469670243751,0.9530353032975625,bdy,False,h<=4,100M<=p<500M,0.25-0.50,0.50-0.55,10100,True,0.03054422939196673
537,109705961,109705906,3,0.0,9.904742779653931,0.0,9.904742779653931,0.0,0.016684539621930006,0.0,0.016684539621930006,0.0301511056,0.046835645221930004,0.95316435477807,bdy,False,h<=4,100M<=p<500M,0.50-1.00,0.50-0.55,10100,True,0.03218822087896959
288,108533687,108533470,3,0.0,9.873322358346556,0.0,9.873322358346556,0.0,0.01665093106902291,0.0,0.01665093106902291,0.0301511056,0.04680203666902291,0.9531979633309771,bdy,False,h<=4,100M<=p<500M,0.50-1.00,0.50-0.55,10100,True,0.032225610460249784
329,109452269,109452148,3,0.0,9.7811789357628,0.0,9.7811789357628,0.0,0.016480517948922104,0.0,0.016480517948922104,0.0301511056,0.0466316235489221,0.9533683764510779,bdy,False,h<=4,100M<=p<500M,0.50-1.00,0.50-0.55,10100,True,0.03219627287298955
356,33821677,33821502,7,0.0,12.8660260475813,0.0,12.8660260475813,0.0,0.016179568040214136,0.0,0.016179568040214136,0.0301511056,0.046330673640214134,0.9536693263597859,bdy,False,5<=h<=16,p<100M,0.25-0.50,0.50-0.55,11111,True,0.025735650145384415
487,109567891,109567750,3,0.0,9.585070705904588,0.0,9.585070705904588,0.0,0.016148248843456822,0.0,0.016148248843456822,0.0301511056,0.04629935444345682,0.9537006455565432,bdy,False,h<=4,100M<=p<500M,0.25-0.50,0.50-0.55,10100,True,0.03219260043051507
345,31018529,31018450,3,0.0,8.207681074553186,0.0,8.207681074553186,0.0,0.015924904927554863,0.0,0.015924904927554863,0.0301511056,0.04607601052755486,0.9539239894724452,bdy,False,h<=4,p<100M,>=1.00,0.50-0.55,10100,True,0.037075099256162036
173,30850439,30850276,3,0.0,7.958157611780894,0.0,7.958157611780894,0.0,0.015450500734561442,0.0,0.015450500734561442,0.0301511056,0.04560160633456144,0.9543983936654385,bdy,False,h<=4,p<100M,0.50-1.00,0.50-0.55,10100,True,0.03709846750292079
151,39670973,39670780,3,0.0,7.979588752032139,0.0,7.979588752032139,0.0,0.015049978252669868,0.0,0.015049978252669868,0.0301511056,0.04520108385266987,0.9547989161473301,bdy,False,h<=4,p<100M,0.50-1.00,0.50-0.55,10100,True,0.03603971183058613
197,30786629,30786460,3,0.0,7.732952632858868,0.0,7.732952632858868,0.0,0.015016878524742311,0.0,0.015016878524742311,0.0301511056,0.04516798412474231,0.9548320158752577,bdy,False,h<=4,p<100M,0.50-1.00,0.50-0.55,10100,True,0.037107377682071584
198,40839853,40839496,3,0.0,7.87531508263498,0.0,7.87531508263498,0.0,0.014804129795277433,0.0,0.014804129795277433,0.0301511056,0.04495523539527743,0.9550447646047225,bdy,False,h<=4,p<100M,0.50-1.00,0.50-0.55,10100,True,0.03592037752933982
513,33413579,33413518,3,0.0,7.500113452260244,0.0,7.500113452260244,0.0,0.014427369142893779,0.0,0.014427369142893779,0.0301511056,0.04457847474289378,0.9554215252571062,bdy,False,h<=4,p<100M,0.50-1.00,0.50-0.55,10100,True,0.03675744007492223
227,17642453,17642326,3,0.0,6.935366372294702,0.0,6.935366372294702,0.0,0.014381816469629594,0.0,0.014381816469629594,0.0301511056,0.044532922069629596,0.9554670779303704,bdy,False,h<=4,p<100M,>=1.00,0.50-0.55,10100,True,0.03962509174997424
328,33489013,33488866,3,0.0,7.45374473955005,0.0,7.45374473955005,0.0,0.014334441425129895,0.0,0.014334441425129895,0.0301511056,0.04448554702512989,0.9555144529748701,bdy,False,h<=4,p<100M,0.50-1.00,0.50-0.55,10100,True,0.036747872875922745
182,30788077,30787786,3,0.0,7.371598047031988,0.0,7.371598047031988,0.0,0.01431507391337843,0.0,0.01431507391337843,0.0301511056,0.04446617951337843,0.9555338204866216,bdy,False,h<=4,p<100M,0.50-1.00,0.50-0.55,10100,True,0.037107175248672956
225,30422863,30422680,3,0.0,7.140903546845788,0.0,7.140903546845788,0.0,0.013886296934750767,0.0,0.013886296934750767,0.0301511056,0.04403740253475077,0.9559625974652493,bdy,False,h<=4,p<100M,0.25-0.50,0.50-0.55,10100,True,0.03715859011625758
315,33926539,33926350,3,0.0,7.031714019381578,0.0,7.031714019381578,0.0,0.013502587692171383,0.0,0.013502587692171383,0.0301511056,0.04365369329217138,0.9563463067078286,bdy,False,h<=4,p<100M,0.25-0.50,0.50-0.55,10100,True,0.03669287604054229
170,17641879,17641576,3,0.0,6.018252021720308,0.0,6.018252021720308,0.0,0.01248005208955423,0.0,0.01248005208955423,0.0301511056,0.04263115768955423,0.9573688423104457,bdy,False,h<=4,p<100M,0.25-0.50,0.50-0.55,10100,True,0.03962524628040515
200,17591099,17590930,3,0.0,5.833293677007418,0.0,5.833293677007418,0.0,0.012100684392972806,0.0,0.012100684392972806,0.0301511056,0.042251789992972806,0.9577482100070271,bdy,False,h<=4,p<100M,0.25-0.50,0.50-0.55,10100,True,0.03963894063244673
131,12786847,12786580,3,0.0,5.581377909673122,0.0,5.581377909673122,0.0,0.012033880705273987,0.0,0.012033880705273987,0.0301511056,0.04218498630527399,0.957815013694726,bdy,False,h<=4,p<100M,0.50-1.00,0.50-0.55,10100,True,0.04119933627851038
138,7048303,7048210,3,0.0,4.481335938576571,0.0,4.481335938576571,0.0,0.010405842957724738,0.0,0.010405842957724738,0.0301511056,0.04055694855772474,0.9594430514422753,bdy,False,h<=4,p<100M,0.50-1.00,0.50-0.55,11100,True,0.044370642007482745
65,3439001,3438886,3,0.0,3.639281330507551,0.0,3.639281330507551,0.0,0.009275601661059403,0.0,0.009275601661059403,0.0301511056,0.0394267072610594,0.9605732927389405,bdy,False,h<=4,p<100M,>=1.00,0.50-0.55,11100,True,0.048702629185803585
149,1511863,1511818,3,0.0,0.957235084426987,0.0,0.957235084426987,0.0,0.0027297205023213435,0.0,0.0027297205023213435,0.0301511056,0.03288082610232134,0.9671191738976787,bdy,False,h<=4,p<100M,0.25-0.50,0.50-0.55,11100,True,0.05449109317151783
58,1188511,1188358,3,0.0,0.7782254598846414,0.0,0.7782254598846414,0.0,0.002296256544829283,0.0,0.002296256544829283,0.0301511056,0.03244736214482928,0.9675526378551708,bdy,False,h<=4,p<100M,0.50-1.00,0.55-0.60,11100,True,0.056382057379648666
61,1190143,1190068,3,0.0,0.7718820985070316,0.0,0.7718820985070316,0.0,0.002277092848109802,0.0,0.002277092848109802,0.0301511056,0.0324281984481098,0.9675718015518902,bdy,False,h<=4,p<100M,0.25-0.50,0.55-0.60,11100,True,0.056370997159848286
80,1198607,1198510,3,0.0,0.7502907944789996,0.0,0.7502907944789996,0.0,0.0022111566240151973,0.0,0.0022111566240151973,0.0301511056,0.0323622622240152,0.9676377377759848,bdy,False,h<=4,p<100M,0.50-1.00,0.50-0.55,11100,True,0.05631392979989694
172,1198397,1198360,3,0.0,0.697593223007356,0.0,0.697593223007356,0.0,0.002055904867254927,0.0,0.002055904867254927,0.0301511056,0.03220701046725492,0.9677929895327451,bdy,False,h<=4,p<100M,0.50-1.00,0.50-0.55,11100,True,0.05631533976958573
153,108849263,108847420,1843,9.252729138467673,0.0,0.0,9.252729138467673,0.0006293709991497,0.0,0.0,0.0006293709991497,0.0301511056,0.0307804765991497,0.9692195234008503,pp,False,1025<=h<=8192,100M<=p<500M,0.25-0.50,0.50-0.55,11111,False,0.0008974062162314697
128,187449539,187440181,9358,9.524493961631899,0.0,0.0,9.524493961631899,0.0002713345538969,0.0,0.0,0.0002713345538969,0.0301511056,0.030422440153896897,0.969577559846103,pp,False,8193<=h<=65536,100M<=p<500M,0.05-0.10,0.50-0.55,11111,False,0.002444710513773284
75,113195507,113182659,12848,9.272281773513562,0.0,0.0,9.272281773513562,0.0002378661538515,0.0,0.0,0.0002378661538515,0.0301511056,0.0303889717538515,0.9696110282461485,pp,False,8193<=h<=65536,100M<=p<500M,0.05-0.10,0.50-0.55,11111,False,0.008184822307786877
3,30974597,30910184,64413,8.623892810068382,0.0,0.0,8.623892810068382,0.0001142102173859,0.0,0.0,0.0001142102173859,0.0301511056,0.0302653158173859,0.9697346841826141,pp,False,8193<=h<=65536,p<100M,0.018-0.05,>=0.70,11111,False,0.0009258770287407116
1,180530237,179845447,684790,28.51268430669916,0.0,0.0,28.51268430669916,9.5330264469676e-05,0.0,0.0,9.5330264469676e-05,0.0301511056,0.030246435864469675,0.9697535641355304,pp,False,h>65536,100M<=p<500M,0.006-0.01,>=0.70,11111,False,0.0017142315325792293
2,24317,24178,3,0.0,0.0,0.0,0.0,0.0,0.0,0.0,0.0,0.0301511056,0.0301511056,0.9698488944,none,False,h<=4,p<100M,0.25-0.50,>=0.70,11100,True,0.10817190462226592
4,59921,59920,1,0.0,0.0,0.0,0.0,0.0,0.0,0.0,0.0,0.0301511056,0.0301511056,0.9698488944,none,False,h<=4,p<100M,0.25-0.50,>=0.70,10000,True,0.07778927864481809
5,356077,355293,784,0.0,0.0,0.0,0.0,0.0,0.0,0.0,0.0,0.0301511056,0.0301511056,0.9698488944,none,False,257<=h<=1024,p<100M,0.10-0.25,0.65-0.70,11111,False,0.005772838581830112
6,3448507,3446024,2483,0.0,0.0,0.0,0.0,0.0,0.0,0.0,0.0,0.0301511056,0.0301511056,0.9698488944,none,False,1025<=h<=8192,p<100M,0.10-0.25,0.65-0.70,11111,False,0.012467901955213202
7,30774449,30670319,104130,0.0,0.0,0.0,0.0,0.0,0.0,0.0,0.0,0.0301511056,0.0301511056,0.9698488944,none,False,h>65536,p<100M,0.01-0.018,0.65-0.70,11111,False,0.003946862139423397
8,3452747,3451296,1451,0.0,0.0,0.0,0.0,0.0,0.0,0.0,0.0,0.0301511056,0.0301511056,0.9698488944,none,False,1025<=h<=8192,p<100M,0.25-0.50,0.65-0.70,11111,False,0.005595536607892002
