candidate_id,candidate_num,block_id,x,y,h,p_star,log_p_star,post_P0_by_pstar,post_P0_flag,W,rho,K_prime,margin_to_65,S_T,S_T_pnt,PNT_prediction,PNT_prediction_pnt,C_cluster,C_cluster_pnt,C_cluster_margin_to_1,C_cluster_margin_to_1p05,C_cluster_margin_to_1p10,C_cluster_margin_to_1p12,k_prime_count,prime_event_count_source,prime_event_count_match,k_over_h,pnt_density_ratio,pnt_density_ratio_pnt,sample_count,sample_count_over_h,sample_gap_max,grid_pattern_id,prime_offsets,sample_offsets_summary,prime_offsets_summary,top_eigenvector_alignment,weight_concentration,effective_support,effective_rank,anomalous_flag,near_miss_flag,short_block_flag,exceeds_cap_flag,clusterfactor_failure_flag,prime_u_values,prime_u_min,prime_u_max,prime_u_mean,prime_u_median,prime_u_std,prime_u_iqr,prime_u_skew_proxy,prime_left_mass_frac,prime_right_mass_frac,prime_center_mass_frac,KS_stat_uniform,star_discrepancy,max_prefix_excess,max_prefix_deficit,event_gap_max,event_gap_mean,event_gap_median,event_gap_cv,sample_u_values,sample_u_min,sample_u_max,sample_u_mean,sample_u_median,sample_u_std,sample_u_iqr,sample_u_skew_proxy,sample_left_mass_frac,sample_right_mass_frac,sample_center_mass_frac,sample_KS_stat_uniform,sample_star_discrepancy,sample_max_prefix_excess,sample_max_prefix_deficit,sample_gap_mean,sample_gap_median,sample_gap_cv,bridge_peak_offset,bridge_peak_u,bridge_peak_value,bridge_energy_concentration,C_cluster_times_ST
hexc_00453,453,454,604143557,604142790,767,604143557,20.21932240481067,True,True,14308.73395317695,0.0044902565189875,64.24988591171059,0.7501140882894077,2.8817774937148237,2.881777493714824,58.26758824434727,58.26758824434727,1.1026693887221886,1.1026693887221886,-0.10266938872218856,-0.052669388722188515,-0.0026693887221884705,0.017330611277811547,35,35,True,0.04563233376792699,0.9226548685376447,0.9226548685376448,37,0.0482398956975228,133.0,routeA_sr11_available_subgrid_plus_endpoints,"7,11,37,47,49,53,89,97,149,181,187,193,199,223,241,301,313,359,389,391,413,433,443,469,479,511,557,569,587,593,601,637,703,707,767",n=37 min=0 max=767,n=35 min=7 max=767,,0.0285714305575517,,,True,True,True,False,False,"0.009126466754,0.01434159061,0.0482398957,0.06127770535,0.06388526728,0.06910039113,0.1160365059,0.1264667536,0.1942633638,0.2359843546,0.2438070404,0.2516297262,0.259452412,0.2907431551,0.3142112125,0.3924380704,0.408083442,0.4680573664,0.5071707953,0.5097783572,0.5384615385,0.5645371578,0.5775749674,0.6114732725,0.6245110821,0.666232073,0.7262059974,0.741851369,0.7653194263,0.7731421121,0.7835723598,0.8305084746,0.9165580183,0.9217731421,1",0.009126466753585397,1.0,0.44645185323151426,0.4680573663624511,0.29260687310598094,0.4810951760104303,-0.05354814676848574,0.3142857142857143,0.2,0.4857142857142857,0.1143602160551313,0.1143602160551313,0.1143602160551313,0.02857142857142858,66.0,22.352941176470587,18.0,0.819887837744892,"0,0.001303780965,0.00260756193,0.003911342894,0.005215123859,0.006518904824,0.007822685789,0.009126466754,0.01043024772,0.01303780965,0.01564537158,0.01825293351,0.02086049544,0.0221642764,0.02737940026,0.03259452412,0.03911342894,0.04172099087,0.0482398957,0.05867014342,0.0704041721,0.08344198175,0.08474576271,0.1029986962,0.1238591917,0.149934811,0.1668839635,0.1812255541,0.2190352021,0.2646675359,0.3207301173,0.3872229465,0.4680573664,0.5658409387,0.6844850065,0.8265971317,1",0.0,1.0,0.16445258818140174,0.048239895697522815,0.24397142499344318,0.16818774445893092,-0.33554741181859826,0.7837837837837838,0.05405405405405406,0.16216216216216217,0.5755312026498467,0.5755312026498467,0.5755312026498467,0.027027027027026973,21.305555555555557,5.0,1.5447306692733376,246.0,0.32073011734028684,76.31673017560132,0.11818756480648086,3.177647827427885
hexc_00442,442,443,604711937,604711166,771,604711937,20.220262765415725,True,True,13901.205968857425,0.0042612153946668,59.23603287892927,5.763967121070728,2.877846581914774,2.877846581914774,58.19081408487022,58.19081408487022,1.0179619208030777,1.0179619208030777,-0.01796192080307768,0.032038079196922364,0.08203807919692241,0.10203807919692243,34,34,True,0.04409857328145266,0.891684739330914,0.891684739330914,37,0.0479896238651102,133.0,routeA_sr11_available_subgrid_plus_endpoints,"3,5,21,35,41,75,77,155,167,173,177,243,261,287,323,345,351,353,363,405,453,503,545,551,555,567,587,593,605,621,707,723,735,771",n=37 min=0 max=771,n=34 min=3 max=771,,0.0294117666638718,,,True,False,True,False,False,"0.003891050584,0.006485084306,0.02723735409,0.04539559014,0.05317769131,0.09727626459,0.09987029831,0.2010376135,0.2166018158,0.224383917,0.2295719844,0.3151750973,0.3385214008,0.3722438392,0.4189364462,0.4474708171,0.4552529183,0.457846952,0.4708171206,0.5252918288,0.5875486381,0.6523994812,0.7068741894,0.7146562905,0.719844358,0.7354085603,0.7613488975,0.7691309987,0.784695201,0.8054474708,0.9169909209,0.9377431907,0.953307393,1",0.0038910505836575876,1.0,0.4721141374837873,0.4565499351491569,0.3060605775628675,0.512970168612192,-0.027885862516212723,0.3235294117647059,0.23529411764705882,0.4411764705882353,0.10601205462729837,0.10601205462729837,0.10601205462729837,0.05981536583504998,86.0,23.272727272727273,16.0,0.9399274129775483,"0,0.001297016861,0.002594033722,0.003891050584,0.005188067445,0.006485084306,0.007782101167,0.009079118029,0.01037613489,0.01297016861,0.01556420233,0.01815823606,0.02075226978,0.02204928664,0.02723735409,0.03242542153,0.0402075227,0.04150453956,0.04798962387,0.05836575875,0.07003891051,0.08300907912,0.08430609598,0.102464332,0.1232166018,0.149156939,0.1660181582,0.1815823606,0.2191958495,0.2645914397,0.3203631647,0.3865110246,0.4682230869,0.5654993515,0.6835278859,0.8274967575,1",0.0,1.0,0.1643004872576857,0.04798962386511025,0.24397991678727335,0.16861219195849544,-0.3356995127423143,0.7837837837837838,0.05405405405405406,0.16216216216216217,0.5751743961860694,0.5751743961860694,0.5751743961860694,0.027027027027026973,21.416666666666668,5.5,1.545070485312717,79.0,0.10246433203631647,71.09873879571416,0.11068364438304405,2.929538234302535
hexc_00303,303,304,604870961,604869251,1710,604870961,20.220525705642775,True,True,30665.21988657529,0.0014833768000711,45.48807574882472,19.51192425117528,2.4485961492425017,2.4485961492425017,49.51190137849592,49.51190137849592,0.9187301332075517,0.9187301332075516,0.0812698667924483,0.13126986679244834,0.1812698667924484,0.2012698667924484,75,75,True,0.043859649122807015,0.8868651625281918,0.8868651625281918,36,0.0210526315789473,328.0,routeA_sr11_available_subgrid_plus_endpoints,"2,6,8,26,60,68,108,120,152,180,188,236,258,282,296,302,312,318,368,386,396,446,488,506,512,522,528,566,590,600,606,620,666,678,692,732,752,788,810,842,900,902,906,942,972,992,996,1020,1086,1098,1112,1116,1130,1152,1160,1172,1206,1212,1220,1296,1298,1326,1346,1368,1380,1382,1388,1440,1446,1452,1542,1560,1586,1628,1710",n=36 min=0 max=1710,n=75 min=2 max=1710,,0.0133333353331523,,,False,False,False,False,False,"0.001169590643,0.00350877193,0.004678362573,0.01520467836,0.0350877193,0.03976608187,0.06315789474,0.0701754386,0.08888888889,0.1052631579,0.1099415205,0.1380116959,0.150877193,0.1649122807,0.1730994152,0.1766081871,0.1824561404,0.1859649123,0.2152046784,0.2257309942,0.2315789474,0.2608187135,0.285380117,0.2959064327,0.2994152047,0.3052631579,0.3087719298,0.330994152,0.3450292398,0.350877193,0.3543859649,0.3625730994,0.3894736842,0.3964912281,0.4046783626,0.4280701754,0.4397660819,0.4608187135,0.4736842105,0.4923976608,0.5263157895,0.5274853801,0.5298245614,0.550877193,0.5684210526,0.5801169591,0.5824561404,0.5964912281,0.6350877193,0.6421052632,0.6502923977,0.6526315789,0.6608187135,0.6736842105,0.6783625731,0.685380117,0.7052631579,0.7087719298,0.7134502924,0.7578947368,0.7590643275,0.7754385965,0.7871345029,0.8,0.8070175439,0.8081871345,0.8116959064,0.8421052632,0.8456140351,0.849122807,0.901754386,0.9122807018,0.9274853801,0.9520467836,1",0.0011695906432748538,1.0,0.46361013645224164,0.4608187134502924,0.2815237408137682,0.47485380116959064,-0.03638986354775836,0.28,0.21333333333333335,0.5066666666666667,0.08421052631578951,0.08421052631578951,0.08421052631578951,0.013333333333333308,90.0,23.08108108108108,18.0,0.8459131802906359,"0,0.0005847953216,0.001169590643,0.001754385965,0.002339181287,0.002923976608,0.004093567251,0.004678362573,0.005847953216,0.007602339181,0.009356725146,0.01169590643,0.01403508772,0.01754385965,0.01871345029,0.0216374269,0.0269005848,0.03333333333,0.03742690058,0.04093567251,0.05087719298,0.06315789474,0.07485380117,0.07777777778,0.09649122807,0.1192982456,0.1473684211,0.1824561404,0.2257309942,0.2789473684,0.3450292398,0.4269005848,0.5280701754,0.6538011696,0.8081871345,1",0.0,1.0,0.14837556855100714,0.03538011695906433,0.24154440483478792,0.14897660818713448,-0.35162443144899286,0.8055555555555556,0.05555555555555555,0.1388888888888889,0.6029239766081871,0.6029239766081871,0.6029239766081871,0.02777777777777779,48.857142857142854,7.0,1.644845350546735,1382.0,0.808187134502924,108.90702285152929,0.1524818302485774,2.249599066365062
hexc_00431,431,432,604813747,604812190,1557,604813747,20.22043111239932,True,True,29438.336064702344,0.0011672833390651,34.36287921812631,30.63712078187369,2.500498092398924,2.500498092398924,50.561149424038355,50.56114942403836,0.6796301035393219,0.6796301035393219,0.32036989646067815,0.3703698964606782,0.42036989646067824,0.44036989646067826,72,72,True,0.046242774566473986,0.9350488375675986,0.9350488375675986,37,0.0237636480411046,295.0,routeA_sr11_available_subgrid_plus_endpoints,"1,21,43,49,61,97,99,121,129,163,169,189,219,243,267,279,283,289,339,357,373,399,423,441,463,489,519,523,547,583,591,619,633,639,657,721,723,727,729,783,831,841,849,853,867,891,933,943,1039,1057,1083,1087,1099,1101,1141,1177,1191,1207,1209,1219,1249,1267,1293,1323,1333,1347,1359,1387,1447,1473,1479,1557",n=37 min=0 max=1557,n=72 min=1 max=1557,,0.013888890780805,,,False,False,False,False,False,"0.0006422607579,0.01348747592,0.02761721259,0.03147077714,0.03917790623,0.06229929351,0.06358381503,0.0777135517,0.08285163776,0.1046885035,0.1085420681,0.1213872832,0.140655106,0.1560693642,0.1714836224,0.1791907514,0.1817597945,0.185613359,0.2177263969,0.2292870906,0.2395632627,0.2562620424,0.2716763006,0.2832369942,0.2973667309,0.3140655106,0.3333333333,0.3359023764,0.3513166346,0.3744380218,0.3795761079,0.3975594091,0.4065510597,0.4104046243,0.4219653179,0.4630700064,0.4643545279,0.466923571,0.4682080925,0.5028901734,0.5337186898,0.5401412974,0.5452793834,0.5478484265,0.5568400771,0.5722543353,0.5992292871,0.6056518947,0.6673089274,0.6788696211,0.6955684008,0.6981374438,0.7058445729,0.7071290944,0.7328195247,0.755940912,0.7649325626,0.7752087347,0.7764932563,0.7829158638,0.8021836866,0.8137443802,0.8304431599,0.8497109827,0.8561335902,0.8651252408,0.8728323699,0.8908156712,0.9293513166,0.9460500963,0.9499036609,1",0.0006422607578676942,1.0,0.46503246984942553,0.4637122671804753,0.2884118694343564,0.5038535645472062,-0.034967530150574466,0.2916666666666667,0.2361111111111111,0.4722222222222222,0.07345857418111751,0.07345857418111751,0.07345857418111751,0.01388888888888884,96.0,21.91549295774648,18.0,0.822469458844614,"0,0.0006422607579,0.001284521516,0.001926782274,0.002569043031,0.003211303789,0.004495825305,0.005138086063,0.006422607579,0.007707129094,0.009633911368,0.01027617213,0.0122029544,0.01477199743,0.01862556198,0.02055234425,0.02312138728,0.02825947335,0.03468208092,0.0411046885,0.04303147078,0.05266538215,0.0655105973,0.08028259473,0.08220937701,0.09955041747,0.1226718048,0.1509312781,0.1862556198,0.2299293513,0.283879255,0.350032113,0.4315992293,0.5324341683,0.6570327553,0.8105330764,1",0.0,1.0,0.14662639518130846,0.03468208092485549,0.239887610962192,0.14322414900449584,-0.3533736048186915,0.8108108108108109,0.05405405405405406,0.13513513513513514,0.6070579249770001,0.6070579249770001,0.6070579249770001,0.027027027027026973,43.25,7.0,1.6621543380569446,290.0,0.18625561978163135,92.80357375940338,0.1609723348007969,1.6994137774369575
hexc_00222,222,223,604848841,604844050,4791,604848841,20.220489135190732,True,True,89133.22770880035,0.0003834626602354,34.17926461258425,30.820735387415752,2.095805722838093,2.095805722838093,42.378216848118214,42.37821684811821,0.8065290886372432,0.8065290886372432,0.19347091136275685,0.2434709113627569,0.29347091136275694,0.31347091136275695,80,218,False,0.01669797537048633,0.33764122955860126,0.9200723505471884,40,0.0083489876852431,1030.0,routeA_sr11_available_subgrid_plus_endpoints,"33,49,61,79,117,187,189,237,243,249,277,319,343,423,459,499,507,559,571,583,609,637,651,669,679,693,699,703,717,721,741,777,781,823,891,921,961,969,979,987,991,997,1017,1021,1053,1071,1077,1153,1167,1183,1227,1231,1263,1273,1291,1311,1327,1333,1341,1363,1407,1453,1467,1479,1489,1519,1531,1533,1537,1549,1563,1567,1617,1651,1657,1669,1689,1713,1731,1743",n=40 min=0 max=4791,n=80 min=33 max=1743,,0.0045871578016017,,,False,False,False,False,False,"0.00688791484,0.01022750991,0.01273220622,0.01648925068,0.02442078898,0.03903151743,0.03944896681,0.04946775204,0.05072010019,0.05197244834,0.05781673972,0.06658317679,0.0715925694,0.08829054477,0.09580463369,0.1041536214,0.1058234189,0.1166771029,0.1191817992,0.1216864955,0.1271133375,0.1329576289,0.1358797746,0.139636819,0.141724066,0.1446462116,0.1458985598,0.1467334586,0.1496556043,0.150490503,0.1546649969,0.1621790858,0.1630139846,0.1717804216,0.1859737007,0.1922354415,0.2005844291,0.2022542267,0.2043414736,0.2060112711,0.2068461699,0.2080985181,0.2122730119,0.2131079107,0.2197871008,0.2235441453,0.2247964934,0.24065957,0.2435817157,0.2469213108,0.2561051972,0.256940096,0.2636192862,0.2657065331,0.2694635775,0.2736380714,0.2769776665,0.2782300146,0.2798998121,0.2844917554,0.2936756418,0.3032769777,0.3061991234,0.3087038197,0.3107910666,0.3170528073,0.3195575037,0.319974953,0.3208098518,0.3233145481,0.3262366938,0.3270715926,0.3375078272,0.3446044667,0.3458568149,0.3483615112,0.352536005,0.3575453976,0.3613024421,0.3638071384",0.0068879148403256105,0.3638071383844709,0.20049572114381134,0.20642872051763722,0.10302276762130767,0.1610310999791275,-0.2995042788561887,0.625,0.0,0.375,0.6361928616155291,0.6361928616155291,0.6361928616155291,0.0068879148403256105,80.0,21.645569620253166,16.0,0.8249586368449294,"0,0.0002087246921,0.0004174493843,0.0006261740764,0.0008348987685,0.001043623461,0.001461072845,0.001669797537,0.001878522229,0.002087246921,0.002295971613,0.00292214569,0.003339595074,0.003757044458,0.004800667919,0.006261740764,0.006679190148,0.007931538301,0.01001878522,0.01273220622,0.0133583803,0.01628052599,0.02087246921,0.0265080359,0.02671676059,0.03381340013,0.04299728658,0.05468586934,0.06971404717,0.08870799416,0.1131287831,0.1442287623,0.1836777291,0.2339803799,0.2980588604,0.379670215,0.4836151117,0.6161552912,0.7850135671,1",0.0,1.0,0.11755374660822374,0.013045293258192443,0.22658270056568958,0.09256940096013358,-0.3824462533917763,0.85,0.05,0.1,0.6618712168649552,0.6618712168649552,0.6618712168649552,0.025000000000000022,122.84615384615384,10.0,1.9229836810705339,1819.0,0.3796702149864329,1003.4694199698271,0.2939661810016445,1.6903282796013257
hexc_00462,462,463,604208581,604207847,503,604208581,20.219430029066906,True,True,9811.807685813064,0.003441642275544,33.768732131001784,31.231267868998216,2.994842080716496,2.994842080716496,60.55399989915233,60.55399989915233,0.5576631137041452,0.5576631137041452,0.44233688629585477,0.4923368862958548,0.5423368862958549,0.5623368862958549,24,24,True,0.04771371769383698,0.9647441763371883,0.9647441763371885,34,0.0675944333996023,86.0,routeA_sr11_available_subgrid_plus_endpoints,"6,36,90,104,146,182,194,204,210,234,242,284,300,302,326,360,374,404,410,432,434,452,482,486",n=34 min=0 max=503,n=24 min=6 max=486,,0.0416666680792315,,,False,False,True,False,False,"0.01192842942,0.07157057654,0.1789264414,0.2067594433,0.2902584493,0.3618290258,0.3856858847,0.4055666004,0.4174950298,0.4652087475,0.4811133201,0.564612326,0.5964214712,0.6003976143,0.648111332,0.7157057654,0.7435387674,0.8031809145,0.8151093439,0.8588469185,0.8628230616,0.8986083499,0.958250497,0.9662027833",0.011928429423459244,0.9662027833001988,0.5545062955599735,0.5805168986083499,0.27554217540115816,0.42644135188866805,0.05450629555997355,0.16666666666666666,0.2916666666666667,0.5416666666666666,0.1534956925115971,0.1534956925115971,0.03379721669980118,0.1534956925115971,54.0,20.869565217391305,18.0,0.6769519103222097,"0,0.001988071571,0.003976143141,0.005964214712,0.007952286282,0.009940357853,0.01391650099,0.01590457256,0.01988071571,0.02385685885,0.02783300199,0.03180914513,0.0337972167,0.03976143141,0.04970178926,0.05964214712,0.06361829026,0.07157057654,0.08548707753,0.1033797217,0.1252485089,0.1272365805,0.1510934394,0.1829025845,0.2206759443,0.254473161,0.268389662,0.3220675944,0.3896620278,0.4711729622,0.5685884692,0.6858846918,0.8290258449,1",0.0,1.0,0.1843059291310958,0.06759443339960239,0.24950683960346776,0.22514910536779323,-0.3156940708689042,0.7352941176470589,0.058823529411764705,0.20588235294117646,0.5257279850309905,0.5257279850309905,0.5257279850309905,0.02941176470588236,15.242424242424242,5.0,1.4363676074345386,162.0,0.3220675944333996,-55.19140604120338,0.17933298452041346,1.670112959784562
hexc_00381,381,382,604365031,604363228,1803,604365031,20.219688929309836,True,True,33524.53208761119,0.0008798736703956,29.497353096221524,35.502646903778476,2.4408804085383053,2.4408804085383053,49.35384257429124,49.35384257429124,0.5976708510957341,0.5976708510957341,0.40232914890426585,0.4523291489042659,0.5023291489042659,0.522329148904266,80,82,False,0.044370493621741544,0.8971575786715402,0.9195865181383288,39,0.021630615640599,348.0,routeA_sr11_available_subgrid_plus_endpoints,"3,13,33,55,69,75,85,99,111,141,199,225,241,249,255,283,295,319,361,453,459,463,523,541,583,615,621,625,643,645,663,703,709,715,733,769,781,789,811,813,823,841,871,879,915,969,975,979,981,985,993,1051,1083,1105,1111,1123,1129,1149,1161,1201,1219,1245,1311,1315,1353,1371,1399,1431,1479,1501,1503,1513,1591,1605,1609,1633,1651,1669,1675,1693",n=39 min=0 max=1803,n=80 min=3 max=1693,,0.0121951238373626,,,False,False,False,False,False,"0.001663893511,0.007210205214,0.01830282862,0.03050471436,0.03826955075,0.04159733777,0.04714364947,0.05490848586,0.0615640599,0.07820299501,0.1103716029,0.1247920133,0.133666112,0.1381031614,0.1414309484,0.1569606212,0.1636161952,0.1769273433,0.2002218525,0.2512479201,0.2545757072,0.2567942318,0.2900721021,0.3000554631,0.3233499723,0.3410981697,0.3444259567,0.3466444814,0.3566278425,0.3577371048,0.3677204659,0.3899057127,0.3932334997,0.3965612867,0.4065446478,0.4265113699,0.433166944,0.4376039933,0.4498058791,0.4509151414,0.4564614531,0.4664448142,0.4830837493,0.4875207987,0.5074875208,0.537437604,0.540765391,0.5429839157,0.544093178,0.5463117027,0.5507487521,0.58291736,0.6006655574,0.6128674432,0.6161952302,0.6228508042,0.6261785912,0.6372712146,0.6439267887,0.6661120355,0.6760953966,0.690515807,0.7271214642,0.7293399889,0.7504159734,0.7603993344,0.7759290072,0.7936772047,0.8202995008,0.8325013866,0.8336106489,0.8391569606,0.8824181919,0.8901830283,0.892401553,0.9057127011,0.9156960621,0.9256794232,0.9290072102,0.9389905713",0.0016638935108153079,0.9389905712701054,0.4635191347753744,0.45368829728230725,0.2748374154746764,0.4148641153632834,-0.036480865224625625,0.2375,0.2,0.5625,0.09357321131447593,0.09357321131447593,0.09357321131447593,0.028598169717138078,92.0,21.39240506329114,18.0,0.8589694449776447,"0,0.0005546311703,0.001109262341,0.001663893511,0.002218524681,0.002773155851,0.003327787022,0.003882418192,0.004437049362,0.004991680532,0.005546311703,0.006100942873,0.007210205214,0.008874098724,0.01109262341,0.01386577926,0.01719356628,0.01774819745,0.02107598447,0.026067665,0.03272323905,0.0354963949,0.04048807543,0.04991680532,0.0615640599,0.07099278979,0.0765391015,0.09484193012,0.1175818081,0.1453133666,0.1802551303,0.2235163616,0.276760954,0.3427620632,0.4242928453,0.5257903494,0.6516916251,0.8069883527,1",0.0,1.0,0.1363397187024475,0.026067665002773157,0.23487128957064368,0.1261785912368275,-0.3636602812975525,0.8205128205128205,0.05128205128205128,0.1282051282051282,0.6260079354921285,0.6260079354921285,0.6260079354921285,0.02564102564102566,47.44736842105263,7.5,1.746261590369599,1175.0,0.6516916250693289,138.80145870374554,0.27837819096290767,1.4588430711939921
hexc_00334,334,335,604685377,604682818,2559,604685377,20.22021884271192,True,True,49062.859230318165,0.0004881995255645,23.95246459907918,41.04753540092082,2.303088303989887,2.303088303989887,46.56894952076575,46.56894952076575,0.5143441036478273,0.5143441036478273,0.48565589635217266,0.5356558963521727,0.5856558963521727,0.6056558963521728,80,120,False,0.03126221180148495,0.6321287641332369,0.9481931461998556,39,0.0152403282532239,514.0,routeA_sr11_available_subgrid_plus_endpoints,"15,31,33,43,69,91,109,111,133,139,145,165,193,259,273,309,321,351,355,363,381,421,435,439,441,451,465,505,519,531,585,589,649,661,685,693,699,763,829,843,853,873,901,915,931,939,949,951,973,985,1021,1023,1089,1123,1135,1173,1183,1195,1203,1209,1243,1299,1305,1323,1329,1333,1341,1389,1399,1401,1413,1461,1491,1501,1503,1519,1525,1545,1551,1585",n=39 min=0 max=2559,n=80 min=15 max=1585,,0.0083333351635265,,,False,False,False,False,False,"0.005861664713,0.01211410707,0.01289566237,0.01680343884,0.02696365768,0.03556076592,0.04259476358,0.04337631887,0.05197342712,0.05431809301,0.05666275889,0.06447831184,0.07542008597,0.1012114107,0.1066822978,0.1207502931,0.1254396249,0.1371629543,0.1387260649,0.141852286,0.1488862837,0.1645173896,0.1699882767,0.1715513873,0.1723329426,0.176240719,0.1817116061,0.197342712,0.2028135991,0.2075029308,0.2286049238,0.2301680344,0.2536146932,0.258304025,0.2676826886,0.2708089097,0.2731535756,0.2981633451,0.3239546698,0.3294255569,0.3333333333,0.3411488863,0.3520906604,0.3575615475,0.3638139898,0.366940211,0.3708479875,0.3716295428,0.380226651,0.3849159828,0.3989839781,0.3997655334,0.4255568581,0.4388432982,0.4435326299,0.4583821805,0.462289957,0.4669792888,0.47010551,0.4724501758,0.4857366159,0.5076201641,0.50996483,0.5169988277,0.5193434936,0.5209066041,0.5240328253,0.5427901524,0.5466979289,0.5474794842,0.5521688159,0.570926143,0.5826494725,0.5865572489,0.5873388042,0.5935912466,0.5959359125,0.6037514654,0.6060961313,0.6193825713",0.005861664712778429,0.6193825713169206,0.3134622899570144,0.3313794450957405,0.18906316807592602,0.3286440015631106,-0.18653771004298558,0.4,0.0,0.6,0.38140386869871046,0.38140386869871046,0.38140386869871046,0.005861664712778429,66.0,19.873417721518987,14.0,0.8682759935304066,"0,0.0003907776475,0.000781555295,0.001172332943,0.00156311059,0.001953888238,0.002344665885,0.00312622118,0.003516998828,0.003907776475,0.00468933177,0.005861664713,0.00625244236,0.007033997655,0.008987885893,0.01133255178,0.01250488472,0.01406799531,0.01758499414,0.02227432591,0.02500976944,0.02774521297,0.03477921063,0.04337631887,0.05001953888,0.05431809301,0.06799531067,0.08479874951,0.1062915201,0.1328644002,0.1664712778,0.2082844861,0.2606486909,0.325908558,0.407971864,0.5103556077,0.638530676,0.7991402892,1",0.0,1.0,0.13009889680464123,0.022274325908558032,0.23263625598497237,0.11527940601797577,-0.36990110319535874,0.8205128205128205,0.05128205128205128,0.1282051282051282,0.6372982234646948,0.6372982234646948,0.6372982234646948,0.02564102564102566,67.34210526315789,8.0,1.7997459180586886,1634.0,0.6385306760453302,584.7190228061506,0.29767346176858966,1.1845798893374733
hexc_00218,218,219,604167899,604161649,6250,604167899,20.21936269574705,True,True,118558.50123838447,0.0001694418706646,20.08877423302316,44.91122576697684,2.0187323136,2.0187323136,40.817480834302984,40.81748083430298,0.49216105017780926,0.4921610501778092,0.5078389498221907,0.5578389498221907,0.6078389498221908,0.6278389498221908,80,290,False,0.0128,0.25880784250556227,0.9381784290826632,40,0.0064,1381.0,routeA_sr11_available_subgrid_plus_endpoints,"12,34,58,88,132,174,222,240,270,282,328,334,354,372,384,400,402,418,438,444,474,498,502,538,540,640,660,664,670,678,708,738,748,760,768,772,802,804,820,828,870,972,982,1012,1038,1048,1080,1084,1138,1194,1210,1252,1254,1264,1314,1342,1384,1390,1450,1452,1468,1488,1522,1542,1564,1602,1618,1632,1648,1650,1654,1668,1692,1740,1758,1762,1774,1782,1800,1804",n=40 min=0 max=6250,n=80 min=12 max=1804,,0.0034482776313117,,,False,False,False,False,False,"0.00192,0.00544,0.00928,0.01408,0.02112,0.02784,0.03552,0.0384,0.0432,0.04512,0.05248,0.05344,0.05664,0.05952,0.06144,0.064,0.06432,0.06688,0.07008,0.07104,0.07584,0.07968,0.08032,0.08608,0.0864,0.1024,0.1056,0.10624,0.1072,0.10848,0.11328,0.11808,0.11968,0.1216,0.12288,0.12352,0.12832,0.12864,0.1312,0.13248,0.1392,0.15552,0.15712,0.16192,0.16608,0.16768,0.1728,0.17344,0.18208,0.19104,0.1936,0.20032,0.20064,0.20224,0.21024,0.21472,0.22144,0.2224,0.232,0.23232,0.23488,0.23808,0.24352,0.24672,0.25024,0.25632,0.25888,0.26112,0.26368,0.264,0.26464,0.26688,0.27072,0.2784,0.28128,0.28192,0.28384,0.28512,0.288,0.28864",0.00192,0.28864,0.15179199999999998,0.13584,0.08631363238793743,0.15832,-0.348208,0.8,0.0,0.2,0.71136,0.71136,0.71136,0.00192,102.0,22.68354430379747,18.0,0.8589574588623141,"0,0.00016,0.00032,0.00048,0.00064,0.0008,0.00096,0.00112,0.00128,0.00144,0.0016,0.00192,0.00256,0.0032,0.00416,0.00512,0.00528,0.00672,0.00864,0.01024,0.0112,0.0144,0.0184,0.02048,0.02368,0.03024,0.03888,0.04992,0.06416,0.08224,0.1056,0.13568,0.17408,0.22352,0.28688,0.36832,0.4728,0.60688,0.77904,1",0.0,1.0,0.114076,0.01072,0.22493189721335655,0.08651999999999999,-0.385924,0.85,0.05,0.1,0.6694,0.6694,0.6694,0.025000000000000022,160.25641025641025,12.0,1.960507036457661,1793.0,0.28688,1113.0673427936806,0.23071486982253625,0.9935414154892547
hexc_00214,214,215,604883911,604879711,4200,604883911,20.220547114938658,True,True,76458.7608888082,0.0002535421973423,19.38552224181793,45.61447775818207,2.1358816893424035,2.1358816893424035,43.18869633128284,43.18869633128284,0.44885638809561446,0.4488563880956144,0.5511436119043855,0.6011436119043856,0.6511436119043856,0.6711436119043857,80,187,False,0.01904761904761905,0.38515327837978397,0.9002957882127449,40,0.0095238095238095,891.0,routeA_sr11_available_subgrid_plus_endpoints,"28,36,76,102,106,126,130,150,178,186,192,216,220,228,258,286,328,340,342,426,450,456,478,568,582,592,640,648,652,658,678,688,702,718,720,732,780,790,820,832,846,858,892,898,958,960,970,976,982,996,1008,1018,1032,1036,1102,1110,1138,1140,1162,1200,1260,1278,1288,1290,1308,1336,1338,1348,1362,1408,1416,1486,1516,1578,1600,1638,1656,1662,1666,1672",n=40 min=0 max=4200,n=80 min=28 max=1672,,0.0053475954995146,,,False,False,False,False,False,"0.006666666667,0.008571428571,0.0180952381,0.02428571429,0.02523809524,0.03,0.03095238095,0.03571428571,0.04238095238,0.04428571429,0.04571428571,0.05142857143,0.05238095238,0.05428571429,0.06142857143,0.0680952381,0.0780952381,0.08095238095,0.08142857143,0.1014285714,0.1071428571,0.1085714286,0.1138095238,0.1352380952,0.1385714286,0.140952381,0.1523809524,0.1542857143,0.1552380952,0.1566666667,0.1614285714,0.1638095238,0.1671428571,0.170952381,0.1714285714,0.1742857143,0.1857142857,0.1880952381,0.1952380952,0.1980952381,0.2014285714,0.2042857143,0.2123809524,0.2138095238,0.2280952381,0.2285714286,0.230952381,0.2323809524,0.2338095238,0.2371428571,0.24,0.2423809524,0.2457142857,0.2466666667,0.2623809524,0.2642857143,0.270952381,0.2714285714,0.2766666667,0.2857142857,0.3,0.3042857143,0.3066666667,0.3071428571,0.3114285714,0.3180952381,0.3185714286,0.320952381,0.3242857143,0.3352380952,0.3371428571,0.3538095238,0.360952381,0.3757142857,0.380952381,0.39,0.3942857143,0.3957142857,0.3966666667,0.3980952381",0.006666666666666667,0.3980952380952381,0.19799404761904763,0.19976190476190475,0.11351650098692785,0.18357142857142855,-0.3020059523809524,0.675,0.0,0.325,0.6019047619047619,0.6019047619047619,0.6019047619047619,0.006666666666666667,90.0,20.810126582278482,14.0,0.941220678564158,"0,0.0002380952381,0.0004761904762,0.0007142857143,0.0009523809524,0.00119047619,0.001666666667,0.001904761905,0.002142857143,0.002380952381,0.002619047619,0.003333333333,0.00380952381,0.004047619048,0.005238095238,0.006666666667,0.007619047619,0.008571428571,0.01071428571,0.01380952381,0.01523809524,0.01738095238,0.02214285714,0.0280952381,0.03047619048,0.03547619048,0.045,0.05714285714,0.07261904762,0.09214285714,0.1171428571,0.1485714286,0.1885714286,0.2392857143,0.3035714286,0.3854761905,0.489047619,0.6207142857,0.7878571429,1",0.0,1.0,0.11935119047619047,0.014523809523809524,0.22739710106891528,0.09583333333333334,-0.38064880952380953,0.85,0.05,0.1,0.6578571428571429,0.6578571428571429,0.6578571428571429,0.025000000000000022,107.6923076923077,9.0,1.9041040530648419,1619.0,0.3854761904761905,892.9776231599143,0.23069802660301514,0.9587041404777905
hexc_00227,227,228,604708931,604704593,4338,604708931,20.22025779444147,True,True,78909.72440457426,0.0002181306007497,17.212625589363046,47.78737441063696,2.125643391593817,2.125643391593817,42.98105735707788,42.98105735707788,0.4004700360524883,0.4004700360524883,0.5995299639475117,0.6495299639475117,0.6995299639475118,0.7195299639475118,80,193,False,0.018441678192715538,0.37289548721883764,0.8996103629154457,40,0.0092208390963577,923.0,routeA_sr11_available_subgrid_plus_endpoints,"30,50,84,98,120,128,168,254,264,276,278,308,318,320,336,366,374,380,428,440,516,548,576,584,614,630,644,654,698,714,734,738,740,770,776,780,810,836,848,854,866,918,930,938,960,990,1020,1044,1046,1100,1118,1128,1178,1188,1196,1226,1248,1260,1266,1296,1304,1316,1326,1350,1364,1374,1394,1416,1436,1500,1514,1518,1524,1556,1566,1568,1584,1604,1616,1680",n=40 min=0 max=4338,n=80 min=30 max=1680,,0.0051813490461255,,,False,False,False,False,False,"0.006915629322,0.01152604887,0.0193637621,0.02259105579,0.02766251729,0.02950668511,0.0387275242,0.05855232826,0.06085753804,0.06362378976,0.06408483172,0.07100046104,0.07330567082,0.07376671277,0.07745504841,0.08437067773,0.08621484555,0.08759797142,0.09866297833,0.1014292301,0.1189488243,0.1263254956,0.132780083,0.1346242508,0.1415398801,0.1452282158,0.1484555095,0.1507607192,0.1609036422,0.1645919779,0.1692023974,0.1701244813,0.1705855233,0.1775011526,0.1788842785,0.1798063624,0.1867219917,0.1927155371,0.1954817888,0.1968649147,0.1996311664,0.2116182573,0.214384509,0.2162286768,0.2213001383,0.2282157676,0.235131397,0.2406639004,0.2411249424,0.2535730751,0.2577224527,0.2600276625,0.2715537114,0.2738589212,0.275703089,0.2826187183,0.2876901798,0.2904564315,0.2918395574,0.2987551867,0.3005993545,0.3033656063,0.305670816,0.3112033195,0.3144306132,0.316735823,0.3213462425,0.326417704,0.3310281236,0.3457814661,0.3490087598,0.3499308437,0.3513139696,0.3586906408,0.3609958506,0.3614568926,0.3651452282,0.3697556478,0.3725218995,0.387275242",0.006915629322268326,0.3872752420470263,0.2031754264638082,0.19824804057169204,0.10831588328157185,0.18464730290456433,-0.2968245735361918,0.6125,0.0,0.3875,0.6149781005071462,0.6149781005071462,0.6149781005071462,0.006915629322268326,86.0,20.88607594936709,16.0,0.8245471807361126,"0,0.0002305209774,0.0004610419548,0.0006915629322,0.0009220839096,0.001152604887,0.001613646842,0.001844167819,0.002074688797,0.002305209774,0.002535730751,0.003227293684,0.003688335639,0.004149377593,0.005071461503,0.006685108345,0.007376671277,0.008298755187,0.01060396496,0.01337021669,0.01475334255,0.01705855233,0.02166897188,0.02766251729,0.02950668511,0.03503918857,0.04449054864,0.05670816044,0.07192254495,0.09128630705,0.1159520516,0.1475334255,0.1874135546,0.2378976487,0.3022130014,0.3840479484,0.4877823882,0.6196403873,0.7872291379,1",0.0,1.0,0.11890272014753342,0.014061779621945596,0.22720866730652098,0.09497464269248501,-0.38109727985246655,0.85,0.05,0.1,0.659047948363301,0.659047948363301,0.659047948363301,0.025000000000000022,111.23076923076923,10.0,1.9086090368940176,1666.0,0.3840479483633011,976.1562067777221,0.2783885877919154,0.8512564856663095
hexc_00207,207,208,604822567,604819805,2762,604822567,20.220445695294853,True,True,46610.76136188054,0.0003122480711351,14.554120329385643,50.44587967061436,2.2713762760459133,2.2713762760459133,45.92824064336744,45.92824064336744,0.31688826145983506,0.316888261459835,0.6831117385401649,0.733111738540165,0.783111738540165,0.803111738540165,80,114,False,0.02896451846488052,0.5856754727094816,0.8345875486110114,38,0.0137581462708182,560.0,routeA_sr11_available_subgrid_plus_endpoints,"2,36,78,98,102,168,174,176,188,206,234,266,272,326,344,366,368,392,402,416,438,468,536,542,552,566,644,648,668,672,702,734,794,816,834,854,858,882,888,924,932,974,998,1046,1122,1128,1136,1142,1158,1194,1206,1224,1238,1254,1268,1274,1284,1298,1352,1394,1416,1422,1436,1446,1458,1502,1506,1532,1536,1578,1586,1598,1602,1652,1712,1736,1752,1784,1794,1806",n=38 min=0 max=2762,n=80 min=2 max=1806,,0.0087719318923365,,,False,False,False,False,False,"0.0007241129616,0.01303403331,0.0282404055,0.03548153512,0.03692976104,0.06082548878,0.06299782766,0.06372194062,0.06806661839,0.07458363505,0.08472121651,0.0963070239,0.09847936278,0.1180304127,0.1245474294,0.132512672,0.1332367849,0.1419261405,0.1455467053,0.150615496,0.1585807386,0.169442433,0.1940622737,0.1962346126,0.1998551774,0.2049239681,0.2331643736,0.2346125996,0.2418537292,0.2433019551,0.2541636495,0.2657494569,0.2874728458,0.2954380883,0.301955105,0.3091962346,0.3106444605,0.3193338161,0.321506155,0.3345401883,0.3374366401,0.3526430123,0.3613323678,0.3787110789,0.4062273715,0.4083997104,0.4112961622,0.4134685011,0.4192614048,0.4322954381,0.4366401159,0.4431571325,0.4482259232,0.4540188269,0.4590876177,0.4612599566,0.4648805214,0.4699493121,0.4895003621,0.5047067343,0.5126719768,0.5148443157,0.5199131064,0.5235336713,0.527878349,0.5438088342,0.5452570601,0.5546705286,0.5561187545,0.5713251267,0.5742215786,0.5785662563,0.5800144823,0.5981173063,0.6198406951,0.6285300507,0.6343229544,0.6459087618,0.6495293266,0.6538740043",0.000724112961622013,0.6538740043446778,0.33540007241129616,0.33598841419261405,0.19090686158569387,0.3501086169442434,-0.16459992758870384,0.375,0.0,0.625,0.3461259956553222,0.3461259956553222,0.3461259956553222,0.003240405503258506,78.0,22.835443037974684,18.0,0.8103704777494732,"0,0.0003620564808,0.0007241129616,0.001086169442,0.001448225923,0.001810282404,0.002172338885,0.002896451846,0.003620564808,0.00434467777,0.005430847212,0.005792903693,0.006879073135,0.008689355539,0.01086169442,0.01158580739,0.01339608979,0.0170166546,0.02136133237,0.02317161477,0.02679217958,0.03367125272,0.04199855177,0.04634322954,0.0528602462,0.06625633599,0.08291093411,0.10391021,0.1303403331,0.1636495293,0.2049239681,0.2570601014,0.3222302679,0.4044170891,0.5068790731,0.6357711803,0.7972483707,1",0.0,1.0,0.13210297648538435,0.022266473569876898,0.23426207587473744,0.11911658218682114,-0.3678970235146156,0.8157894736842105,0.05263157894736842,0.13157894736842105,0.632931895270399,0.632931895270399,0.632931895270399,0.02631578947368418,74.64864864864865,10.0,1.7800805030990219,1756.0,0.6357711803041275,528.5281048235138,0.3462682648768274,0.7197724792373039
hexc_00315,315,316,604434563,604433380,1183,604434563,20.21980397236647,True,True,19624.34070629235,0.0006059383076708,11.891139796725978,53.10886020327402,2.545922118716189,2.545922118716189,51.478046169353256,51.478046169353256,0.23099438851284929,0.2309943885128492,0.7690056114871507,0.8190056114871508,0.8690056114871508,0.8890056114871508,48,48,True,0.04057480980557904,0.8204147004848611,0.8204147004848611,37,0.0312764158918005,217.0,routeA_sr11_available_subgrid_plus_endpoints,"7,31,49,61,67,103,139,147,207,217,267,319,327,337,357,397,399,409,423,427,451,459,501,537,603,649,661,669,679,759,781,783,789,819,823,837,843,859,873,903,937,969,973,987,1027,1053,1057,1183",n=37 min=0 max=1183,n=48 min=7 max=1183,,0.0208333354378542,,,False,False,False,False,False,"0.005917159763,0.02620456467,0.04142011834,0.05156382079,0.05663567202,0.08706677937,0.1174978867,0.124260355,0.1749788673,0.1834319527,0.2256973795,0.2696534235,0.2764158918,0.2848689772,0.3017751479,0.3355874894,0.3372781065,0.3457311919,0.3575655114,0.3609467456,0.3812341505,0.3879966188,0.4234995773,0.4539306847,0.5097210482,0.5486052409,0.5587489434,0.5655114117,0.573964497,0.6415891801,0.6601859679,0.661876585,0.6669484362,0.6923076923,0.6956889265,0.707523246,0.7125950972,0.7261200338,0.7379543533,0.7633136095,0.7920540997,0.819103973,0.8224852071,0.8343195266,0.8681318681,0.8901098901,0.8934911243,1",0.005917159763313609,1.0,0.4781980839673148,0.4818258664412511,0.2770580649419322,0.4340659340659341,-0.02180191603268522,0.22916666666666666,0.1875,0.5833333333333334,0.08567554240631159,0.08567554240631159,0.08567554240631159,0.04048675683291067,126.0,25.02127659574468,16.0,0.9428703948180824,"0,0.0008453085376,0.001690617075,0.002535925613,0.00338123415,0.004226542688,0.005071851226,0.006762468301,0.007607776839,0.008453085376,0.009298393914,0.01183431953,0.0135249366,0.01437024514,0.01775147929,0.02113271344,0.02620456467,0.0270498732,0.03212172443,0.03972950127,0.04818258664,0.05409974641,0.05917159763,0.0718512257,0.08875739645,0.1081994928,0.1327134404,0.1622992392,0.1986475063,0.2426035503,0.2975486052,0.3643279797,0.4454775993,0.5452240068,0.6677937447,0.8165680473,1",0.0,1.0,0.15019076557538094,0.032121724429416736,0.24253823121317097,0.15384615384615385,-0.3498092344246191,0.8108108108108109,0.05405405405405406,0.13513513513513514,0.5970162893239817,0.5970162893239817,0.5970162893239817,0.027027027027026973,32.861111111111114,6.0,1.6197582862529005,431.0,0.3643279797125951,50.79733001334341,0.18343134135481245,0.5880937230141837
hexc_00319,319,320,604702619,604700469,2150,604702619,20.220247356307322,True,True,38432.68307255628,0.0002944449095782,11.316307892146453,53.683692107853545,2.3447167117360737,2.3447167117360737,47.41075189177094,47.41075189177094,0.23868653081012658,0.2386865308101265,0.7613134691898734,0.8113134691898735,0.8613134691898735,0.8813134691898735,80,94,False,0.037209302325581395,0.7523812969788771,0.8840480239501806,39,0.0181395348837209,423.0,routeA_sr11_available_subgrid_plus_endpoints,"2,22,32,50,62,94,104,182,242,268,304,308,332,350,388,392,412,424,458,482,494,500,532,554,590,592,610,622,664,682,692,704,730,812,818,830,850,872,878,898,932,934,952,962,994,1004,1054,1084,1102,1154,1162,1168,1184,1208,1214,1234,1240,1270,1292,1322,1324,1360,1444,1450,1462,1480,1514,1562,1598,1610,1612,1628,1630,1648,1654,1700,1714,1730,1732,1738",n=39 min=0 max=2150,n=80 min=2 max=1738,,0.0106382997611272,,,False,False,False,False,False,"0.0009302325581,0.01023255814,0.01488372093,0.02325581395,0.0288372093,0.04372093023,0.04837209302,0.08465116279,0.1125581395,0.1246511628,0.1413953488,0.143255814,0.1544186047,0.1627906977,0.1804651163,0.1823255814,0.191627907,0.1972093023,0.2130232558,0.2241860465,0.2297674419,0.2325581395,0.2474418605,0.2576744186,0.2744186047,0.2753488372,0.2837209302,0.2893023256,0.3088372093,0.3172093023,0.3218604651,0.3274418605,0.3395348837,0.3776744186,0.3804651163,0.3860465116,0.3953488372,0.4055813953,0.408372093,0.4176744186,0.4334883721,0.4344186047,0.4427906977,0.4474418605,0.4623255814,0.4669767442,0.4902325581,0.5041860465,0.5125581395,0.536744186,0.5404651163,0.543255814,0.5506976744,0.5618604651,0.5646511628,0.5739534884,0.576744186,0.5906976744,0.6009302326,0.6148837209,0.6158139535,0.6325581395,0.671627907,0.6744186047,0.68,0.688372093,0.7041860465,0.7265116279,0.743255814,0.7488372093,0.7497674419,0.7572093023,0.7581395349,0.7665116279,0.7693023256,0.7906976744,0.7972093023,0.8046511628,0.8055813953,0.808372093",0.0009302325581395349,0.8083720930232559,0.42376744186046506,0.4255813953488372,0.23867490239216427,0.38674418604651173,-0.07623255813953494,0.2875,0.1125,0.6,0.19162790697674414,0.19162790697674414,0.19162790697674414,0.016395348837209306,84.0,21.974683544303797,18.0,0.8055706181934643,"0,0.0004651162791,0.0009302325581,0.001395348837,0.001860465116,0.002325581395,0.002790697674,0.003255813953,0.003720930233,0.004186046512,0.004651162791,0.00511627907,0.006511627907,0.007441860465,0.007906976744,0.01023255814,0.01255813953,0.01488372093,0.01534883721,0.01953488372,0.02418604651,0.02976744186,0.03720930233,0.04651162791,0.0576744186,0.05953488372,0.07209302326,0.08976744186,0.111627907,0.1390697674,0.1730232558,0.2153488372,0.268372093,0.3339534884,0.4162790698,0.5181395349,0.6451162791,0.803255814,1",0.0,1.0,0.13246273106738224,0.01953488372093023,0.23408420412105257,0.12093023255813955,-0.36753726893261773,0.8205128205128205,0.05128205128205128,0.1282051282051282,0.6319618366129994,0.6319618366129994,0.6319618366129994,0.02564102564102566,56.578947368421055,7.0,1.77377299358584,1727.0,0.8032558139534883,257.59651637332377,0.3607512371732428,0.559652297656811
hexc_00300,300,301,604360789,604358714,2075,604360789,20.21968191034833,True,True,37204.02728986468,0.0002859957741273,10.640194585418044,54.359805414581956,2.3885266366671507,2.3885266366671507,48.29524882780393,48.29524882780393,0.22031555574660183,0.2203155557466018,0.7796844442533981,0.8296844442533982,0.8796844442533982,0.8996844442533982,80,91,False,0.03855421686746988,0.7795540013628273,0.886742676550216,40,0.0192771084337349,407.0,routeA_sr11_available_subgrid_plus_endpoints,"17,47,65,87,95,117,149,159,207,215,243,263,287,299,317,333,345,365,389,407,413,455,473,495,513,527,543,549,623,663,669,683,695,705,707,749,777,813,815,837,863,875,927,929,939,953,995,1005,1013,1023,1067,1109,1137,1143,1145,1155,1227,1233,1239,1283,1337,1379,1415,1425,1463,1479,1485,1509,1517,1535,1563,1613,1659,1697,1725,1727,1733,1797,1799,1803",n=40 min=0 max=2075,n=80 min=17 max=1803,,0.0109890129197664,,,False,False,False,False,False,"0.008192771084,0.02265060241,0.0313253012,0.04192771084,0.04578313253,0.05638554217,0.07180722892,0.07662650602,0.09975903614,0.1036144578,0.1171084337,0.126746988,0.138313253,0.1440963855,0.1527710843,0.1604819277,0.1662650602,0.1759036145,0.1874698795,0.1961445783,0.1990361446,0.2192771084,0.2279518072,0.2385542169,0.2472289157,0.2539759036,0.261686747,0.2645783133,0.3002409639,0.3195180723,0.3224096386,0.3291566265,0.334939759,0.3397590361,0.3407228916,0.3609638554,0.3744578313,0.3918072289,0.3927710843,0.403373494,0.4159036145,0.421686747,0.446746988,0.4477108434,0.4525301205,0.4592771084,0.4795180723,0.4843373494,0.4881927711,0.4930120482,0.5142168675,0.5344578313,0.5479518072,0.5508433735,0.5518072289,0.556626506,0.5913253012,0.5942168675,0.5971084337,0.618313253,0.6443373494,0.6645783133,0.6819277108,0.686746988,0.705060241,0.7127710843,0.7156626506,0.7272289157,0.7310843373,0.7397590361,0.753253012,0.7773493976,0.7995180723,0.8178313253,0.8313253012,0.8322891566,0.8351807229,0.8660240964,0.8669879518,0.8689156627",0.00819277108433735,0.8689156626506024,0.42186746987951806,0.40963855421686746,0.2516126575765829,0.4265060240963856,-0.07813253012048194,0.3125,0.125,0.5625,0.1433734939759036,0.1433734939759036,0.1433734939759036,0.010150602409638554,74.0,22.60759493670886,18.0,0.7520228456947801,"0,0.0004819277108,0.0009638554217,0.001445783133,0.001927710843,0.002409638554,0.002891566265,0.003373493976,0.003855421687,0.004337349398,0.004819277108,0.005301204819,0.006746987952,0.007710843373,0.008192771084,0.01012048193,0.01253012048,0.01542168675,0.01590361446,0.01975903614,0.02457831325,0.03036144578,0.03084337349,0.03807228916,0.04722891566,0.05879518072,0.06168674699,0.07277108434,0.09060240964,0.1127710843,0.1402409639,0.1744578313,0.2168674699,0.2698795181,0.3359036145,0.4178313253,0.5195180723,0.6462650602,0.8038554217,1",0.0,1.0,0.13051807228915663,0.02216867469879518,0.23188346033816287,0.11493975903614458,-0.36948192771084337,0.825,0.05,0.125,0.6372289156626506,0.6372289156626506,0.6372289156626506,0.025000000000000022,53.205128205128204,6.0,1.7989839231509415,1078.0,0.5195180722891566,190.8445171853507,0.21084704579871577,0.526229573372885
hexc_00183,183,184,604356173,604335487,20686,604356173,20.21967427249738,True,True,410878.7045005271,2.5173556665508988e-05,10.343278350394945,54.65672164960505,1.7492866547291575,1.7492866547291577,35.37000636785015,35.37000636785015,0.29243077433530096,0.2924307743353009,0.707569225664699,0.7575692256646991,0.8075692256646991,0.8275692256646991,80,1005,False,0.003867349898482065,0.07819655524508316,0.9823442252663572,40,0.001933674949241,5113.0,routeA_sr11_available_subgrid_plus_endpoints,"4,6,22,52,90,94,130,136,142,166,174,222,226,264,282,304,312,334,354,400,442,444,456,474,502,514,540,580,592,594,600,612,640,682,684,706,730,732,766,772,774,810,874,892,906,922,970,996,1000,1014,1020,1044,1054,1062,1084,1146,1150,1152,1210,1222,1234,1240,1326,1380,1452,1462,1482,1486,1492,1504,1564,1570,1614,1626,1650,1654,1672,1710,1720,1744",n=40 min=0 max=20686,n=80 min=4 max=1744,,0.0009950265691741,,,False,False,False,False,False,"0.0001933674949,0.0002900512424,0.001063521222,0.002513777434,0.004350768636,0.004544136131,0.006284443585,0.006574494827,0.00686454607,0.008024751039,0.008411486029,0.01073189597,0.01092526346,0.01276225466,0.01363240839,0.01469592961,0.0150826646,0.01614618583,0.0171130233,0.01933674949,0.02136710819,0.02146379194,0.02204389442,0.02291404815,0.02426762061,0.0248477231,0.02610461181,0.02803828676,0.02861838925,0.028715073,0.02900512424,0.02958522672,0.03093879919,0.03296915788,0.03306584163,0.03412936285,0.03528956782,0.03538625157,0.03702987528,0.03731992652,0.03741661027,0.03915691772,0.04225079764,0.04312095137,0.0437977376,0.04457120758,0.04689161752,0.04814850624,0.04834187373,0.04901865996,0.04930871121,0.05046891618,0.05095233491,0.0513390699,0.05240259112,0.0553997873,0.05559315479,0.05568983854,0.05849366721,0.0590737697,0.05965387218,0.05994392343,0.06410132457,0.06671178575,0.07019240066,0.07067581939,0.07164265687,0.07183602436,0.07212607561,0.07270617809,0.07560669052,0.07589674176,0.0780237842,0.07860388669,0.07976409166,0.07995745915,0.08082761288,0.08266460408,0.08314802282,0.08430822779",0.00019336749492410325,0.08430822778690902,0.04028086628637726,0.03736826839408296,0.02478862388410988,0.03835927680556898,-0.4597191337136227,1.0,0.0,0.0,0.915691772213091,0.915691772213091,0.915691772213091,0.00019336749492410325,86.0,22.025316455696203,18.0,0.8491833914353262,"0,4.834187373e-05,9.668374746e-05,0.0001450256212,0.0001933674949,0.0002417093687,0.0003383931161,0.0003867349898,0.0004834187373,0.0006284443585,0.0007734699797,0.0008218118534,0.001111863096,0.001450256212,0.001546939959,0.001933674949,0.002562119308,0.003093879919,0.003432273035,0.004544136131,0.006042734216,0.006187759838,0.008024751039,0.01063521222,0.01411582713,0.01880498888,0.02494440685,0.03316252538,0.04403944697,0.05849366721,0.07768539109,0.1031615585,0.137049212,0.1820554965,0.2418060524,0.3211834091,0.4266653776,0.5667601276,0.7528279996,1",0.0,1.0,0.10143696219665474,0.005293435173547327,0.2177506338193766,0.0625543846079474,-0.39856303780334523,0.875,0.05,0.075,0.6973146089142416,0.6973146089142416,0.6973146089142416,0.025000000000000022,530.4102564102565,23.0,2.121194109193579,2134.0,0.10316155854200909,1450.7001360182373,0.14289942112922582,0.5115452509768558
hexc_00378,378,379,604681513,604678930,2583,604681513,20.220212452591547,True,True,48245.11474884936,0.0001938493222277,9.35228279486206,55.64771720513794,2.2993272220206302,2.2993272220206302,46.49288492728427,46.49288492728427,0.2011551403938302,0.2011551403938302,0.7988448596061698,0.8488448596061698,0.8988448596061699,0.9188448596061699,80,118,False,0.03097173828881146,0.6262551282258318,0.923726314133102,39,0.0150987224157955,519.0,routeA_sr11_available_subgrid_plus_endpoints,"1,21,27,49,73,81,127,169,177,213,217,297,303,351,361,373,403,417,471,487,493,499,517,571,577,597,601,603,619,631,633,643,657,723,727,757,771,781,813,829,843,867,889,967,979,997,1009,1017,1063,1089,1099,1117,1123,1137,1171,1189,1243,1249,1291,1323,1381,1383,1413,1449,1467,1479,1501,1519,1537,1557,1579,1593,1603,1609,1617,1623,1633,1683,1749,1759",n=39 min=0 max=2583,n=80 min=1 max=1759,,0.0084745780739943,,,False,False,False,False,False,"0.0003871467286,0.008130081301,0.01045296167,0.0189701897,0.02826171119,0.03135888502,0.04916763453,0.06542779714,0.06852497096,0.08246225319,0.08401084011,0.1149825784,0.1173054588,0.1358885017,0.139759969,0.1444057298,0.1560201316,0.1614401858,0.1823461092,0.1885404568,0.1908633372,0.1931862176,0.2001548587,0.221060782,0.2233836624,0.231126597,0.2326751839,0.2334494774,0.239643825,0.2442895858,0.2450638792,0.2489353465,0.2543554007,0.2799070848,0.2814556717,0.2930700736,0.2984901278,0.302361595,0.3147502904,0.320944638,0.3263646922,0.3356562137,0.3441734417,0.3743708866,0.3790166473,0.3859852884,0.3906310492,0.393728223,0.4115369725,0.4216027875,0.4254742547,0.4324428959,0.4347657762,0.4401858304,0.4533488192,0.4603174603,0.4812233837,0.483546264,0.4998064266,0.512195122,0.5346496322,0.5354239257,0.5470383275,0.5609756098,0.5679442509,0.5725900116,0.5811072396,0.5880758808,0.5950445219,0.6027874564,0.6113046845,0.6167247387,0.620596206,0.6229190863,0.6260162602,0.6283391405,0.6322106078,0.6515679443,0.6771196283,0.6809910956",0.00038714672861014324,0.680991095625242,0.3409601238869532,0.3236546651180797,0.19703985172744304,0.32752613240418116,-0.15903987611304682,0.4,0.0,0.6,0.33028939217963615,0.33028939217963615,0.33028939217963615,0.00038714672861014324,80.0,22.253164556962027,16.0,0.8227686705067029,"0,0.0003871467286,0.0007742934572,0.001161440186,0.001548586914,0.001935733643,0.002322880372,0.003097173829,0.003484320557,0.003871467286,0.004645760743,0.005807200929,0.006194347658,0.007355787844,0.008904374758,0.01122725513,0.01238869532,0.01393728223,0.01742160279,0.02206736353,0.02477739063,0.02748741773,0.03445605885,0.04297328688,0.04955478126,0.05420054201,0.06775067751,0.08478513357,0.1060782036,0.1327913279,0.1660859466,0.2078977933,0.2601626016,0.3255903988,0.4072783585,0.5098722416,0.6384049555,0.7990708479,1",0.0,1.0,0.1299423250642763,0.022067363530778164,0.23259451619551785,0.11517615176151762,-0.3700576749357237,0.8205128205128205,0.05128205128205128,0.1282051282051282,0.6375115399505644,0.6375115399505644,0.6375115399505644,0.02564102564102566,67.97368421052632,8.0,1.800921568657503,1649.0,0.6384049554781263,524.2615751981759,0.3341611866608771,0.46252149015691546
hexc_00104,104,105,604432601,604410439,22162,604432601,20.219800726352254,True,True,434187.6454525263,2.06217770804309e-05,8.953720835599166,56.046279164400836,1.7364497679063118,1.7364497679063118,35.11066827838624,35.11066827838624,0.25501425277943174,0.2550142527794317,0.7449857472205683,0.7949857472205684,0.8449857472205684,0.8649857472205684,80,1062,False,0.003609782510603736,0.07298908302987908,0.9689300772216448,41,0.0018500135366844,5511.0,routeA_sr11_available_subgrid_plus_endpoints,"10,22,28,58,168,174,178,198,222,274,300,304,310,330,348,352,358,378,388,408,414,418,430,460,504,552,600,672,694,702,738,768,780,792,798,814,828,850,864,882,892,954,990,1002,1014,1032,1038,1060,1062,1090,1108,1128,1162,1212,1224,1228,1258,1282,1300,1308,1324,1342,1344,1374,1450,1464,1480,1504,1510,1540,1554,1608,1632,1648,1650,1672,1690,1722,1728,1744",n=41 min=0 max=22162,n=80 min=10 max=1744,,0.0009416213144141,,,False,False,False,False,False,"0.0004512228138,0.0009926901904,0.001263423879,0.00261709232,0.007580543272,0.007851276961,0.008031766086,0.008934211714,0.01001714647,0.0123635051,0.01353668441,0.01371717354,0.01398790723,0.01489035286,0.01570255392,0.01588304305,0.01615377673,0.01705622236,0.01750744518,0.0184098908,0.01868062449,0.01886111362,0.01940258099,0.02075624944,0.02274162982,0.02490749932,0.02707336883,0.03032217309,0.03131486328,0.03167584153,0.03330024366,0.0346539121,0.03519537948,0.03573684685,0.03600758054,0.03672953705,0.03736124898,0.03835393918,0.03898565111,0.03979785218,0.04024907499,0.04304665644,0.04467105857,0.04521252595,0.04575399332,0.04656619439,0.04683692808,0.04782961827,0.04791986283,0.04918328671,0.04999548777,0.0508979334,0.05243209097,0.05468820504,0.05522967241,0.05541016154,0.05676382998,0.05784676473,0.0586589658,0.05901994405,0.05974190055,0.06055410162,0.06064434618,0.06199801462,0.065427308,0.06605901994,0.06678097645,0.0678639112,0.06813464489,0.06948831333,0.07012002527,0.07255662846,0.07363956322,0.07436151972,0.07445176428,0.07544445447,0.07625665554,0.07770056854,0.07797130223,0.07869325873",0.000451222813825467,0.07869325873116145,0.040436332460969227,0.040023463586318926,0.022851982282134812,0.040587492103600756,-0.4595636675390308,1.0,0.0,0.0,0.9213067412688385,0.9213067412688385,0.9213067412688385,0.000451222813825467,110.0,21.949367088607595,18.0,0.849463546271822,"0,4.512228138e-05,9.024456277e-05,0.0001353668441,0.0001804891255,0.0002256114069,0.0002707336883,0.0003158559697,0.0003609782511,0.0004512228138,0.000586589658,0.0007219565021,0.0007670787835,0.001037812472,0.001398790723,0.001443913004,0.001850013537,0.002481725476,0.002887826008,0.003293926541,0.004376861294,0.005775652017,0.005820774298,0.007761032398,0.01033300244,0.01371717354,0.01827452396,0.02432090967,0.03235267575,0.04309177872,0.05735041964,0.07630177782,0.1015702554,0.135186355,0.1799025359,0.239418825,0.3186986734,0.424149445,0.5645248624,0.7513311073,1",0.0,1.0,0.09836107069671003,0.00437686129410703,0.21525272844853388,0.05676382997924375,-0.40163892930329,0.8780487804878049,0.04878048780487805,0.07317073170731707,0.7041860270601623,0.7041860270601623,0.7041860270601623,0.024390243902439046,554.05,19.0,2.163138712166108,2251.0,0.10157025539211262,1453.2831033956718,0.1442074194424169,0.44281944005164575
hexc_00663,663,664,604206971,604206345,626,604206971,20.21942736442063,True,True,11038.280977102491,0.0007436167996273,8.20825117357986,56.79174882642014,2.997147056722025,2.997147056722025,60.60059721387805,60.60059721387805,0.13544835448750497,0.1354483544875049,0.8645516455124951,0.9145516455124951,0.9645516455124952,0.9845516455124952,27,27,True,0.04313099041533546,0.8720839278583977,0.8720839278583977,36,0.0575079872204472,105.0,routeA_sr11_available_subgrid_plus_endpoints,"2,32,46,86,94,122,142,164,184,218,224,238,278,296,352,358,376,394,406,452,472,484,502,542,548,562,626",n=36 min=0 max=626,n=27 min=2 max=626,,0.0370370389912285,,,False,False,True,False,False,"0.003194888179,0.05111821086,0.07348242812,0.1373801917,0.1501597444,0.1948881789,0.2268370607,0.2619808307,0.2939297125,0.3482428115,0.357827476,0.3801916933,0.4440894569,0.4728434505,0.5623003195,0.571884984,0.6006389776,0.6293929712,0.6485623003,0.7220447284,0.7539936102,0.7731629393,0.8019169329,0.8658146965,0.875399361,0.8977635783,1",0.003194888178913738,1.0,0.4851496864276417,0.4728434504792332,0.28719487006556893,0.49361022364217255,-0.014850313572358276,0.25925925925925924,0.25925925925925924,0.48148148148148145,0.06519938468820252,0.06519938468820252,0.06519938468820252,0.04378180097029938,64.0,24.0,19.0,0.6350684733254878,"0,0.001597444089,0.003194888179,0.004792332268,0.006389776358,0.007987220447,0.009584664537,0.01277955272,0.01437699681,0.01597444089,0.01757188498,0.02076677316,0.02555910543,0.0303514377,0.03674121406,0.04313099042,0.05111821086,0.05271565495,0.06389776358,0.07667731629,0.0910543131,0.1022364217,0.1102236422,0.1325878594,0.1581469649,0.1916932907,0.2044728435,0.2300319489,0.2763578275,0.3322683706,0.3977635783,0.4792332268,0.5750798722,0.6916932907,0.8322683706,1",0.0,1.0,0.17500887468938586,0.05830670926517571,0.24723811105975468,0.19528753993610223,-0.32499112531061414,0.7777777777777778,0.05555555555555555,0.16666666666666666,0.5477458288959887,0.5477458288959887,0.5477458288959887,0.02777777777777779,17.885714285714286,5.0,1.4769439706818104,249.0,0.3977635782747604,25.48422620101249,0.1263915185861678,0.405958636990067
hexc_00296,296,297,604724143,604718720,5423,604724143,20.22028295002937,True,True,103850.3529007753,7.391554499757357e-05,7.676155432851152,57.323844567148846,2.0605818049341407,2.0605818049341407,41.66554713745055,41.66554713745055,0.18423268048126834,0.1842326804812683,0.8157673195187316,0.8657673195187316,0.9157673195187317,0.9357673195187317,80,254,False,0.014751982297621242,0.2982892561317259,0.9470683882182298,41,0.0075603909275308,1181.0,routeA_sr11_available_subgrid_plus_endpoints,"11,29,53,71,93,111,123,147,149,179,183,209,237,251,281,287,321,323,371,377,389,411,453,497,501,587,597,617,621,669,687,699,711,743,779,789,803,819,821,831,833,887,929,957,971,1007,1017,1031,1037,1041,1043,1107,1127,1191,1211,1233,1241,1271,1283,1301,1311,1313,1359,1401,1449,1463,1467,1479,1511,1541,1551,1587,1629,1653,1679,1689,1691,1703,1707,1733",n=41 min=0 max=5423,n=80 min=11 max=1733,,0.0039370096601395,,,False,False,False,False,False,"0.002028397566,0.005347593583,0.009773188272,0.01309238429,0.01714917942,0.02046837544,0.02268117278,0.02710676747,0.02747556703,0.03300756039,0.03374515951,0.03853955375,0.04370274756,0.04628434446,0.05181633782,0.05292273649,0.05919232897,0.05956112853,0.06841231791,0.06951871658,0.07173151392,0.07578830905,0.08353309976,0.09164669002,0.09238428914,0.1082426701,0.1100866679,0.1137746635,0.1145122626,0.123363452,0.126682648,0.1288954453,0.1311082427,0.1370090356,0.1436474276,0.1454914254,0.1480730223,0.1510234188,0.1513922183,0.1532362161,0.1536050157,0.1635626037,0.1713073944,0.1764705882,0.1790521851,0.1856905772,0.187534575,0.1901161719,0.1912225705,0.1919601696,0.1923289692,0.204130555,0.2078185506,0.2196201365,0.223308132,0.2273649272,0.2288401254,0.2343721188,0.2365849161,0.2399041121,0.2417481099,0.2421169095,0.2505992993,0.25834409,0.2671952794,0.2697768763,0.2705144754,0.2727272727,0.2786280656,0.284160059,0.2860040568,0.2926424488,0.3003872395,0.3048128342,0.3096072285,0.3114512263,0.3118200258,0.3140328232,0.3147704223,0.3195648165",0.002028397565922921,0.3195648165222202,0.16011432786280658,0.1534206158952609,0.09586158840258412,0.16918679697584363,-0.33988567213719345,0.775,0.0,0.225,0.6804351834777798,0.6804351834777798,0.6804351834777798,0.002028397565922921,86.0,21.79746835443038,18.0,0.7745212595595838,"0,0.0001843997787,0.0003687995574,0.0005531993362,0.0007375991149,0.0009219988936,0.001106398672,0.001290798451,0.00147519823,0.001659598008,0.001843997787,0.002212797345,0.002765996681,0.00295039646,0.003503595796,0.004425594689,0.00571639314,0.005900792919,0.007375991149,0.009404388715,0.01180158584,0.01198598562,0.01530518163,0.01954637654,0.02360317168,0.02507836991,0.0320855615,0.04093675088,0.05236953716,0.06712151945,0.0857458971,0.1095334686,0.1401438318,0.1790521851,0.2290245252,0.2928268486,0.3743315508,0.4785174258,0.6118384658,0.7822238613,1",0.0,1.0,0.11310902524477945,0.011801585838096994,0.22373484496091256,0.08390189931772082,-0.38689097475522055,0.8536585365853658,0.04878048780487805,0.0975609756097561,0.6709543363182111,0.6709543363182111,0.6709543363182111,0.024390243902439046,135.575,9.5,1.97180668264258,2030.0,0.37433155080213903,1012.0950690578285,0.21104812534226364,0.37962650927394676
hexc_00040,40,41,604672261,604520611,151650,604672261,20.220197151857885,True,True,3033676.629773508,7.088585359010924e-07,2.1504475741786093,62.84955242582139,1.4405551366662506,1.4405551366662506,29.128308871513166,29.12830887151317,0.07382672243913545,0.0738267224391354,0.9261732775608645,0.9761732775608646,1.0261732775608647,1.0461732775608648,80,7420,False,0.0005275304978569074,0.010666770670284412,0.989342979668879,41,0.0002703593801516,43800.0,routeA_sr11_available_subgrid_plus_endpoints,"30,102,112,118,132,162,168,172,210,220,238,270,276,288,342,370,400,450,456,468,472,480,538,576,598,610,616,652,666,672,678,690,708,730,738,742,762,778,802,822,840,858,876,916,960,1018,1036,1080,1102,1126,1168,1170,1218,1228,1240,1260,1270,1302,1308,1312,1330,1408,1416,1432,1486,1488,1512,1518,1536,1578,1600,1602,1612,1618,1630,1638,1662,1668,1690,1746",n=41 min=0 max=151650,n=80 min=30 max=1746,,0.0001347725623909,,,False,False,False,False,False,"0.0001978239367,0.0006726013848,0.000738542697,0.0007781074843,0.0008704253215,0.001068249258,0.001107814045,0.00113419057,0.001384767557,0.001450708869,0.001569403231,0.00178041543,0.001819980218,0.001899109792,0.002255192878,0.002439828553,0.002637652489,0.00296735905,0.003006923838,0.003086053412,0.003112429937,0.003165182987,0.003547642598,0.003798219585,0.003943290471,0.004022420046,0.004061984833,0.004299373558,0.004391691395,0.004431256182,0.004470820969,0.004549950544,0.004668644906,0.004813715793,0.004866468843,0.004892845368,0.005024727992,0.005130234092,0.005288493241,0.005420375865,0.005539070227,0.00565776459,0.005776458952,0.0060402242,0.006330365974,0.006712825585,0.006831519947,0.007121661721,0.007266732608,0.007424991757,0.007701945269,0.007715133531,0.00803165183,0.008097593142,0.008176722717,0.008308605341,0.008374546653,0.008585558853,0.00862512364,0.008651500165,0.008770194527,0.009284536762,0.009337289812,0.009442795912,0.009798878998,0.00981206726,0.009970326409,0.0100098912,0.01012858556,0.01040553907,0.01055060996,0.01056379822,0.01062973953,0.01066930432,0.01074843389,0.01080118694,0.01095944609,0.01099901088,0.01114408177,0.01151335312",0.00019782393669634025,0.011513353115727003,0.005915924826904055,0.005479723046488625,0.003327149120726632,0.005575337949225189,-0.49408407517309594,1.0,0.0,0.0,0.988486646884273,0.988486646884273,0.988486646884273,0.00019782393669634025,78.0,21.72151898734177,18.0,0.7994369517346197,"0,6.594131223e-06,1.318826245e-05,1.978239367e-05,2.637652489e-05,3.297065612e-05,5.275304979e-05,6.594131223e-05,7.253544346e-05,9.891196835e-05,0.0001055060996,0.0001384767557,0.0001978239367,0.0002110121991,0.0002769535114,0.0003956478734,0.0004220243983,0.0005539070227,0.0007781074843,0.0008440487966,0.001094625783,0.001543026706,0.002162875041,0.003046488625,0.004279591164,0.006020441807,0.008466864491,0.01190240686,0.01673590504,0.02353445434,0.03309594461,0.04653478404,0.06543356413,0.09200791296,0.1293768546,0.1819188922,0.2557995384,0.3596900758,0.5057698648,0.7111770524,1",0.0,1.0,0.08448545672400344,0.0010946257830530828,0.205456012781176,0.03299043850972634,-0.4155145432759966,0.8780487804878049,0.024390243902439025,0.0975609756097561,0.7394444846525617,0.7394444846525617,0.7394444846525617,0.024390243902439046,3791.25,53.0,2.3982297006626005,1805.0,0.011902406857896472,1598.3425409602216,0.09611802089905623,0.10635146423293011
hexc_00063,63,64,604810421,604757400,53021,604810421,20.220425613170573,True,True,1051188.9309305267,2.0377749152049087e-06,2.1420864345912927,62.85791356540871,1.5875568388622736,1.5875568388622736,32.10107496689483,32.10107496689483,0.06672942998950603,0.066729429989506,0.933270570010494,0.983270570010494,1.033270570010494,1.053270570010494,80,2571,False,0.0015088361215367496,0.03050930855799864,0.9804929037826812,41,0.0007732785122875,14164.0,routeA_sr11_available_subgrid_plus_endpoints,"31,37,49,53,67,71,113,133,139,151,157,191,239,289,293,323,331,371,419,493,499,503,521,557,569,571,601,623,631,647,673,679,727,731,751,757,779,781,827,847,907,937,997,1003,1019,1021,1063,1091,1103,1133,1187,1189,1193,1201,1213,1231,1243,1253,1259,1291,1319,1343,1367,1373,1387,1393,1397,1453,1457,1471,1483,1511,1519,1567,1577,1597,1607,1639,1681,1691",n=41 min=0 max=53021,n=80 min=31 max=1691,,0.0003889554008296,,,False,False,False,False,False,"0.0005846739971,0.0006978367062,0.0009241621244,0.0009996039305,0.001263650252,0.001339092058,0.002131231022,0.002508440052,0.002621602761,0.002847928179,0.002961090889,0.00360234624,0.004507647913,0.005450670489,0.005526112295,0.006091925841,0.006242809453,0.006997227514,0.007902529187,0.009298202599,0.009411365308,0.009486807114,0.009826295242,0.0105052715,0.01073159691,0.01076931782,0.01133513136,0.0117500613,0.01190094491,0.01220271213,0.01269308387,0.01280624658,0.01371154825,0.01378699006,0.01416419909,0.0142773618,0.01469229173,0.01473001264,0.01559759341,0.01597480244,0.01710642953,0.01767224307,0.01880387016,0.01891703287,0.0192188001,0.019256521,0.02004865996,0.02057675261,0.02080307803,0.02136889157,0.02238735595,0.02242507686,0.02250051866,0.02265140227,0.02287772769,0.02321721582,0.02344354124,0.02363214575,0.02374530846,0.02434884291,0.02487693555,0.02532958639,0.02578223723,0.02589539994,0.02615944626,0.02627260897,0.02634805077,0.02740423606,0.02747967786,0.02774372418,0.0279700496,0.02849814225,0.02864902586,0.02955432753,0.02974293205,0.03012014108,0.03030874559,0.03091228004,0.031704419,0.03189302352",0.0005846739970954904,0.031893023518983044,0.01640623526527225,0.016540615982346615,0.009438686240322876,0.0150977914411271,-0.48359376473472776,1.0,0.0,0.0,0.968106976481017,0.968106976481017,0.968106976481017,0.0005846739970954904,74.0,21.0126582278481,14.0,0.8179170142044527,"0,1.886045152e-05,3.772090304e-05,5.658135456e-05,7.544180608e-05,9.43022576e-05,0.0001131627091,0.0001508836122,0.0001697440637,0.0001886045152,0.0002263254182,0.0003017672243,0.0004149299334,0.0005846739971,0.0006035344486,0.0007921389638,0.001075045737,0.001207068897,0.001471115218,0.001999207861,0.002414137794,0.002715905019,0.003715508949,0.005073461459,0.006921785708,0.009449086211,0.01288168839,0.01759680127,0.02399049433,0.03274174384,0.04468040965,0.06097583976,0.08319345165,0.1135210577,0.1549197488,0.2113879406,0.2884517455,0.3935987628,0.5370702175,0.7328605647,1",0.0,1.0,0.09140832831537987,0.0024141377944587993,0.21055153127235066,0.044454084230776486,-0.40859167168462013,0.8780487804878049,0.024390243902439025,0.0975609756097561,0.7216845971292554,0.7216845971292554,0.7216845971292554,0.024390243902439046,1325.525,25.0,2.27301572675274,1736.0,0.032741743837347466,1564.6632167897274,0.11777050031236394,0.10593676293322159
