rank_metric,rank,candidate_id,block_id,x,y,h,p_star,row_regime,post_P0_by_pstar,threshold_relevant_flag,forbidden_flag,finite_zone_flag,C_end,C_best,C_gap,E_end_over_h,E_best_over_h,E_gap_over_h,endpoint_residual_fraction,best_residual_fraction,slope_gap_abs,intercept_gap_abs,pythagorean_abs_error
C_end,1,hexc_00304,305,30386689,30386676,13,30386821,finite_positive,False,False,False,True,8.580752479596972,6.616791960800818,5.463275323795285,73.62931311610959,43.78193585251833,29.84737726359048,9.861270095805125e-06,5.863771865942267e-06,1.1069467938533912,2.799859728877891,
C_end,2,hexc_00453,454,604143557,604142790,767,604143557,post_P0_negative_tail,True,False,False,False,8.008560508628985,5.023691945947039,6.2369512305789385,64.13704142037176,25.237480767773153,38.89956065262014,8.378008990139962e-06,3.296688404677933e-06,0.030421083528981097,23.983183564883802,
C_end,3,hexc_00442,443,604711937,604711166,771,604711937,post_P0_negative_tail,True,False,False,False,7.700000352930452,3.9205486843869206,6.627164057761928,59.29000543512908,15.370701986648015,43.91930344849154,7.786089605810606e-06,2.018513273762394e-06,0.03102371743996324,33.613724801905846,
C_end,4,hexc_00275,276,108562160,108561847,313,108562291,finite_negative,False,False,False,True,7.517295788807058,5.381442798987884,5.2487912301443815,56.50973597641633,28.959926598778548,27.549809377640567,1.8522158874289463e-05,9.492176032714042e-06,0.20116558688883768,12.251751831502588,
C_end,5,hexc_00081,82,12782500,12782006,494,12782599,finite_negative,False,False,False,True,7.438244050688844,3.871066344657824,6.351560431332067,55.32747455760799,14.985154644742487,40.34231991286319,0.0001905539623356168,5.1610535572059665e-05,0.04913413580566006,18.41678200310821,
C_end,6,hexc_00355,356,33821509,33821502,7,33821677,finite_positive,False,False,False,True,7.38923518106439,6.071104017630254,4.212183824121211,54.6007965610797,36.85830399288621,17.74249256818839,5.261093137005674e-06,3.5515044173708654e-06,1.4361630502789637,2.859494676966733,
C_end,7,hexc_00242,243,30781189,30781182,7,30781319,finite_positive,False,False,False,True,7.348868426896997,6.037917219644655,4.1892031228576885,54.00586715584355,36.456444351281434,17.549422804560606,5.094887652269624e-06,3.439283506642126e-06,1.4283136157444813,2.8437958008044006,
C_end,8,hexc_00198,199,39635782,39635564,218,39635819,finite_positive,False,False,False,True,7.209357503721075,4.5925513806184,5.557275180593497,51.97483561645937,21.091528183619975,30.88330743284049,2.945504504656541e-05,1.195293655825806e-05,0.0341417674639628,15.412786998682805,
C_end,9,hexc_00026,27,1192781,1192323,458,1192781,finite_negative,False,False,False,True,7.12859076935284,4.25147562841261,5.722041710606102,50.81680635690252,18.0750450189864,32.741761337916,0.0013147173309265249,0.0004676321998049124,0.017443084023894606,19.075913015040214,
C_end,10,hexc_00662,663,604872091,604872087,4,604872131,post_P0_positive_tail,True,False,False,False,7.085660762263424,5.475430152365041,4.497360679831783,50.20658843787949,29.980335353428252,20.226253084497003,2.594248423585902e-07,1.549128115435299e-07,0.007185556837049134,4.036919957770806,
C_end,11,hexc_00273,274,109547591,109546815,776,109547591,finite_negative,False,False,False,True,6.908850056190145,3.5116019698963674,5.949862242434252,47.732209098918574,12.331348394980049,35.400860703944744,3.3288283699061934e-05,8.59984131288338e-06,0.0015802902439265853,27.44779446179473,
C_end,12,hexc_00059,60,3290983,3290975,8,3291137,finite_positive,False,False,False,True,6.864752116121537,4.969367390804842,4.736054196375123,47.12482161579511,24.69461226479452,22.43020935100241,4.0678337800586574e-05,2.131648980555766e-05,0.6191952643362155,1.6923849701777272,
C_end,13,hexc_00303,304,604870961,604869251,1710,604870961,post_P0_negative_tail,True,False,False,False,6.763592223849976,3.017800359291349,6.0530207964278455,45.74617977052387,9.107119008538994,36.63906076198799,1.3293950372010177e-05,2.6465507882587825e-06,0.013233035018487826,38.00044160978723,
C_end,14,hexc_00673,674,187509559,187509555,4,187509659,finite_positive,False,False,False,True,6.671592040126686,5.154695153566559,4.235476150764788,44.51014034988176,26.570882126202566,17.939258223697298,7.352200833734836e-07,4.388987771903431e-07,0.007185556466843934,3.8026825196839127,
C_end,15,hexc_00322,323,179438221,179438217,4,179438351,finite_positive,False,False,False,True,6.656036436858135,5.1426458852772425,4.225637744464502,44.30282104878313,26.446806701358955,17.856014347443043,7.154629182248775e-07,4.270994273580971e-07,0.007185556442713903,3.793882749791919,
C_end,16,hexc_00444,445,179382103,179382099,4,179382319,finite_positive,False,False,False,True,6.655925850726129,5.142560225985038,4.225567802379566,44.30134893036435,26.445925677883285,17.855423252506874,7.589229592880685e-07,4.53043093746862e-07,0.007185556442605545,3.7938201914630554,
C_end,17,hexc_00525,526,179146273,179146269,4,179146433,finite_positive,False,False,False,True,6.6554607456386465,5.142199958637883,4.22527363872733,44.295157736736925,26.442220414615438,17.85293732212409,7.705762945638789e-07,4.599994506902219e-07,0.00718555644171559,3.793557082541156,
C_end,18,hexc_00448,449,178913599,178913595,4,178913689,finite_positive,False,False,False,True,6.655001264408754,5.141844047494334,4.224983031983146,44.28904182928211,26.43856020875291,17.850481620545494,7.448955074200035e-07,4.446690176334423e-07,0.007185556441081431,3.7932971550262664,
C_end,19,hexc_00423,424,178906843,178906839,4,178907011,finite_positive,False,False,False,True,6.654987913833241,5.141833706225907,4.224974588182336,44.288864133266515,26.43845386248085,17.850410270786504,7.612323883255991e-07,4.544213939832212e-07,0.007185556440761687,3.7932896026331946,
C_end,20,hexc_00459,460,178299031,178299027,4,178299217,finite_positive,False,False,False,True,6.653784744915043,5.140901739481967,4.224213623465129,44.27285143166415,26.428870695008715,17.843980736668392,7.690564429438081e-07,4.590915793869222e-07,0.007185556439718965,3.7926089726352075,
C_end,21,hexc_00095,96,3438637,3438262,375,3438637,finite_negative,False,False,False,True,6.555703716286487,3.5583005624841273,5.505973875960289,42.977251215732466,12.661502892974855,30.315748322757173,0.00039978059635265055,0.00011777912812212016,0.023378803045690955,15.920190263388918,
C_end,22,hexc_00173,174,30825511,30824836,675,30825511,finite_negative,False,False,False,True,6.488095069490736,4.87913796069941,4.276609684225691,42.09537763075,23.805987239538,18.28939039121296,8.866595523415045e-05,5.014281181655778e-05,0.014902765087722702,16.61661620778159,
C_end,23,hexc_00270,271,187425023,187423758,1265,187425023,finite_negative,False,False,False,True,6.487786304142439,4.559715961546175,4.615231465294302,42.091371128218206,20.79100964997896,21.300361478242596,2.7773637107415584e-05,1.3718772794459337e-05,0.04645807210678776,14.098607282223384,
C_end,24,hexc_00619,620,109709029,109709025,4,109709357,finite_positive,False,False,False,True,6.482092317280486,5.007909927383308,4.115623764263235,42.017520809746706,25.079161840784288,16.938358968968284,1.1772522978111863e-06,7.026711794331568e-07,0.007185556088446177,3.6954828886300675,
C_end,25,hexc_00428,429,108831199,108831195,4,108831299,finite_positive,False,False,False,True,6.479252068684097,5.005709889973529,4.113827398783496,41.980707369547154,25.057131502578798,16.923575866981786,1.153044944529206e-06,6.882208665309502e-07,0.007185556081488187,3.693876164361427,
C_best,1,hexc_00304,305,30386689,30386676,13,30386821,finite_positive,False,False,False,True,8.580752479596972,6.616791960800818,5.463275323795285,73.62931311610959,43.78193585251833,29.84737726359048,9.861270095805125e-06,5.863771865942267e-06,1.1069467938533912,2.799859728877891,
C_best,2,hexc_00355,356,33821509,33821502,7,33821677,finite_positive,False,False,False,True,7.38923518106439,6.071104017630254,4.212183824121211,54.6007965610797,36.85830399288621,17.74249256818839,5.261093137005674e-06,3.5515044173708654e-06,1.4361630502789637,2.859494676966733,
C_best,3,hexc_00242,243,30781189,30781182,7,30781319,finite_positive,False,False,False,True,7.348868426896997,6.037917219644655,4.1892031228576885,54.00586715584355,36.456444351281434,17.549422804560606,5.094887652269624e-06,3.439283506642126e-06,1.4283136157444813,2.8437958008044006,
C_best,4,hexc_00320,321,109471009,109470995,14,109471171,finite_positive,False,False,False,True,6.030874917591912,5.956490123786639,0.9442868615353766,36.37145227163924,35.47977459476777,0.8916776768683313,1.2594219895041159e-06,1.2285461678455583e-06,0.027079488406675623,1.1155179964798663,
C_best,5,hexc_00245,246,12808387,12808371,16,12808469,finite_positive,False,False,False,True,5.59790897870274,5.485552969148478,1.1159272182833937,31.33658493384075,30.091291377333686,1.2452935565057128,8.828053475322487e-06,8.477232920608917e-06,0.11213171884791695,0.22045985046315764,
C_best,6,hexc_00662,663,604872091,604872087,4,604872131,post_P0_positive_tail,True,False,False,False,7.085660762263424,5.475430152365041,4.497360679831783,50.20658843787949,29.980335353428252,20.226253084497003,2.594248423585902e-07,1.549128115435299e-07,0.007185556837049134,4.036919957770806,
C_best,7,hexc_00112,113,30784249,30783029,1220,30784249,finite_negative,False,False,False,True,5.703211321141049,5.462188142709623,1.6404633696716058,32.52661937359144,29.835499306357605,2.6911200672343196,0.00011340296590874124,0.00010402046618641763,0.028748247298368557,1.2044602147625483,
C_best,8,hexc_00275,276,108562160,108561847,313,108562291,finite_negative,False,False,False,True,7.517295788807058,5.381442798987884,5.2487912301443815,56.50973597641633,28.959926598778548,27.549809377640567,1.8522158874289463e-05,9.492176032714042e-06,0.20116558688883768,12.251751831502588,
C_best,9,hexc_00673,674,187509559,187509555,4,187509659,finite_positive,False,False,False,True,6.671592040126686,5.154695153566559,4.235476150764788,44.51014034988176,26.570882126202566,17.939258223697298,7.352200833734836e-07,4.388987771903431e-07,0.007185556466843934,3.8026825196839127,
C_best,10,hexc_00322,323,179438221,179438217,4,179438351,finite_positive,False,False,False,True,6.656036436858135,5.1426458852772425,4.225637744464502,44.30282104878313,26.446806701358955,17.856014347443043,7.154629182248775e-07,4.270994273580971e-07,0.007185556442713903,3.793882749791919,
C_best,11,hexc_00444,445,179382103,179382099,4,179382319,finite_positive,False,False,False,True,6.655925850726129,5.142560225985038,4.225567802379566,44.30134893036435,26.445925677883285,17.855423252506874,7.589229592880685e-07,4.53043093746862e-07,0.007185556442605545,3.7938201914630554,
C_best,12,hexc_00525,526,179146273,179146269,4,179146433,finite_positive,False,False,False,True,6.6554607456386465,5.142199958637883,4.22527363872733,44.295157736736925,26.442220414615438,17.85293732212409,7.705762945638789e-07,4.599994506902219e-07,0.00718555644171559,3.793557082541156,
C_best,13,hexc_00448,449,178913599,178913595,4,178913689,finite_positive,False,False,False,True,6.655001264408754,5.141844047494334,4.224983031983146,44.28904182928211,26.43856020875291,17.850481620545494,7.448955074200035e-07,4.446690176334423e-07,0.007185556441081431,3.7932971550262664,
C_best,14,hexc_00423,424,178906843,178906839,4,178907011,finite_positive,False,False,False,True,6.654987913833241,5.141833706225907,4.224974588182336,44.288864133266515,26.43845386248085,17.850410270786504,7.612323883255991e-07,4.544213939832212e-07,0.007185556440761687,3.7932896026331946,
C_best,15,hexc_00459,460,178299031,178299027,4,178299217,finite_positive,False,False,False,True,6.653784744915043,5.140901739481967,4.224213623465129,44.27285143166415,26.428870695008715,17.843980736668392,7.690564429438081e-07,4.590915793869222e-07,0.007185556439718965,3.7926089726352075,
C_best,16,hexc_00679,680,604864891,604864888,3,604865039,post_P0_positive_tail,True,False,False,False,5.415322561869612,5.137426068001821,1.7124753559982586,29.325718449094058,26.39314660418465,2.932571844901363,1.426900148785597e-07,1.2842101339070372e-07,1.3264777069141918,1.9897165595448314,
C_best,17,hexc_00607,608,604715329,604715326,3,604715411,post_P0_positive_tail,True,False,False,False,5.415255256501799,5.137362216523037,1.712454072174737,29.32498949307036,26.392490543758495,2.9324989493078397,1.3989593525318847e-07,1.2590634172784658e-07,1.326461220535153,1.9896918299800745,
C_best,18,hexc_00222,223,604848841,604844050,4791,604848841,post_P0_negative_tail,True,False,False,False,5.8446202245093115,5.066794674133906,2.9132760423469106,34.159585568743275,25.67240826983171,8.48717729891248,2.3668597395800266e-05,1.778797621231254e-05,0.025033813868972632,30.77344696779437,
C_best,19,hexc_00066,67,39699197,39695992,3205,39699197,finite_negative,False,False,False,True,5.402608236258769,5.027739452597902,1.9773749647656715,29.188175754491084,25.27816400320945,3.910011751282041,0.0001871865445184669,0.00016211126763562186,0.005115422576909667,16.215209849962775,
C_best,20,hexc_00453,454,604143557,604142790,767,604143557,post_P0_negative_tail,True,False,False,False,8.008560508628985,5.023691945947039,6.2369512305789385,64.13704142037176,25.237480767773153,38.89956065262014,8.378008990139962e-06,3.296688404677933e-06,0.030421083528981097,23.983183564883802,
C_best,21,hexc_00619,620,109709029,109709025,4,109709357,finite_positive,False,False,False,True,6.482092317280486,5.007909927383308,4.115623764263235,42.017520809746706,25.079161840784288,16.938358968968284,1.1772522978111863e-06,7.026711794331568e-07,0.007185556088446177,3.6954828886300675,
C_best,22,hexc_00428,429,108831199,108831195,4,108831299,finite_positive,False,False,False,True,6.479252068684097,5.005709889973529,4.113827398783496,41.980707369547154,25.057131502578798,16.923575866981786,1.153044944529206e-06,6.882208665309502e-07,0.007185556081488187,3.693876164361427,
C_best,23,hexc_00059,60,3290983,3290975,8,3291137,finite_positive,False,False,False,True,6.864752116121537,4.969367390804842,4.736054196375123,47.12482161579511,24.69461226479452,22.43020935100241,4.0678337800586574e-05,2.131648980555766e-05,0.6191952643362155,1.6923849701777272,
C_best,24,hexc_00158,159,178905659,178902349,3310,178905659,finite_negative,False,False,False,True,5.167398301838659,4.884858146156631,1.6852792355488448,26.702005209845062,23.8618391080728,2.8401661017720987,4.583522721075273e-05,4.0959950707435586e-05,0.013429320696215274,18.26706869964073,
C_best,25,hexc_00173,174,30825511,30824836,675,30825511,finite_negative,False,False,False,True,6.488095069490736,4.87913796069941,4.276609684225691,42.09537763075,23.805987239538,18.28939039121296,8.866595523415045e-05,5.014281181655778e-05,0.014902765087722702,16.61661620778159,
C_gap,1,hexc_00442,443,604711937,604711166,771,604711937,post_P0_negative_tail,True,False,False,False,7.700000352930452,3.9205486843869206,6.627164057761928,59.29000543512908,15.370701986648015,43.91930344849154,7.786089605810606e-06,2.018513273762394e-06,0.03102371743996324,33.613724801905846,
C_gap,2,hexc_00081,82,12782500,12782006,494,12782599,finite_negative,False,False,False,True,7.438244050688844,3.871066344657824,6.351560431332067,55.32747455760799,14.985154644742487,40.34231991286319,0.0001905539623356168,5.1610535572059665e-05,0.04913413580566006,18.41678200310821,
C_gap,3,hexc_00453,454,604143557,604142790,767,604143557,post_P0_negative_tail,True,False,False,False,8.008560508628985,5.023691945947039,6.2369512305789385,64.13704142037176,25.237480767773153,38.89956065262014,8.378008990139962e-06,3.296688404677933e-06,0.030421083528981097,23.983183564883802,
C_gap,4,hexc_00303,304,604870961,604869251,1710,604870961,post_P0_negative_tail,True,False,False,False,6.763592223849976,3.017800359291349,6.0530207964278455,45.74617977052387,9.107119008538994,36.63906076198799,1.3293950372010177e-05,2.6465507882587825e-06,0.013233035018487826,38.00044160978723,
C_gap,5,hexc_00273,274,109547591,109546815,776,109547591,finite_negative,False,False,False,True,6.908850056190145,3.5116019698963674,5.949862242434252,47.732209098918574,12.331348394980049,35.400860703944744,3.3288283699061934e-05,8.59984131288338e-06,0.0015802902439265853,27.44779446179473,
C_gap,6,hexc_00026,27,1192781,1192323,458,1192781,finite_negative,False,False,False,True,7.12859076935284,4.25147562841261,5.722041710606102,50.81680635690252,18.0750450189864,32.741761337916,0.0013147173309265249,0.0004676321998049124,0.017443084023894606,19.075913015040214,
C_gap,7,hexc_00198,199,39635782,39635564,218,39635819,finite_positive,False,False,False,True,7.209357503721075,4.5925513806184,5.557275180593497,51.97483561645937,21.091528183619975,30.88330743284049,2.945504504656541e-05,1.195293655825806e-05,0.0341417674639628,15.412786998682805,
C_gap,8,hexc_00095,96,3438637,3438262,375,3438637,finite_negative,False,False,False,True,6.555703716286487,3.5583005624841273,5.505973875960289,42.977251215732466,12.661502892974855,30.315748322757173,0.00039978059635265055,0.00011777912812212016,0.023378803045690955,15.920190263388918,
C_gap,9,hexc_00087,88,3290641,3290318,323,3290641,finite_negative,False,False,False,True,6.088052372123514,2.672272020418052,5.470223389827062,37.064381685718736,7.141037751109179,29.923343934611076,0.00032146709121427065,6.193570564769153e-05,0.02226053477401224,17.992257870452022,
C_gap,10,hexc_00304,305,30386689,30386676,13,30386821,finite_positive,False,False,False,True,8.580752479596972,6.616791960800818,5.463275323795285,73.62931311610959,43.78193585251833,29.84737726359048,9.861270095805125e-06,5.863771865942267e-06,1.1069467938533912,2.799859728877891,
C_gap,11,hexc_00174,175,12776941,12776609,332,12776941,finite_positive,False,False,False,True,6.188680230584409,3.1153899757583194,5.3473459113257995,38.299762996426296,9.70565470105542,28.594108295372745,9.22831606510849e-05,2.3385745026281974e-05,0.02507436844516797,14.430473247518876,
C_gap,12,hexc_00275,276,108562160,108561847,313,108562291,finite_negative,False,False,False,True,7.517295788807058,5.381442798987884,5.2487912301443815,56.50973597641633,28.959926598778548,27.549809377640567,1.8522158874289463e-05,9.492176032714042e-06,0.20116558688883768,12.251751831502588,
C_gap,13,hexc_00071,72,12843647,12843190,457,12843647,finite_negative,False,False,False,True,6.067760230348158,3.40896510015829,5.019628587744155,36.81771421299473,11.62104305409722,25.19667115889838,0.00012031721210385173,3.797659718685937e-05,0.00689711041419705,17.518528959795276,
C_gap,14,hexc_00178,179,30851221,30850871,350,30851287,finite_positive,False,False,False,True,6.14693554370963,3.8562840161336798,4.786845533901595,37.78481657852081,14.870926413088101,22.91389016543365,4.343837955789532e-05,1.7095992634154e-05,0.02332178075355562,16.616834260923042,
C_gap,15,hexc_00059,60,3290983,3290975,8,3291137,finite_positive,False,False,False,True,6.864752116121537,4.969367390804842,4.736054196375123,47.12482161579511,24.69461226479452,22.43020935100241,4.0678337800586574e-05,2.131648980555766e-05,0.6191952643362155,1.6923849701777272,
C_gap,16,hexc_00431,432,604813747,604812190,1557,604813747,post_P0_negative_tail,True,False,False,False,5.879263670149562,3.545199875883926,4.690127838682031,34.565741303140506,12.568442159967406,21.99729914318018,9.081008140640065e-06,3.301943521733701e-06,0.015913240375492466,26.205663740816817,
C_gap,17,hexc_00298,299,39651863,39651244,619,39651863,finite_negative,False,False,False,True,5.7422964253228175,3.319763548960464,4.6854176137534065,32.97396823627521,11.020830021006576,21.953138215270666,5.1699592959444696e-05,1.727946184937645e-05,0.037283073524023935,22.618240328446518,
C_gap,18,hexc_00270,271,187425023,187423758,1265,187425023,finite_negative,False,False,False,True,6.487786304142439,4.559715961546175,4.615231465294302,42.091371128218206,20.79100964997896,21.300361478242596,2.7773637107415584e-05,1.3718772794459337e-05,0.04645807210678776,14.098607282223384,
C_gap,19,hexc_00208,209,40865926,40865652,274,40866037,finite_positive,False,False,False,True,5.191559714587585,2.3831688486947544,4.612244411210255,26.95229227012873,5.6794937613890815,21.27279850874023,1.8912859630388758e-05,3.985392678450178e-06,0.027899975053759185,14.571564466258224,
C_gap,20,hexc_00056,57,179620853,179616870,3983,179620853,finite_negative,False,False,False,True,6.295776388796375,4.380709745449327,4.521745510734878,39.63680033772592,19.190617873874707,20.44618246385102,6.583213712460457e-05,3.187339484051023e-05,0.02953657704214918,22.35054122033671,
C_gap,21,hexc_00662,663,604872091,604872087,4,604872131,post_P0_positive_tail,True,False,False,False,7.085660762263424,5.475430152365041,4.497360679831783,50.20658843787949,29.980335353428252,20.226253084497003,2.594248423585902e-07,1.549128115435299e-07,0.007185556837049134,4.036919957770806,
C_gap,22,hexc_00251,252,39640132,39639838,294,39640253,finite_positive,False,False,False,True,5.924145429614287,4.034584624615071,4.3379287659020855,35.09549907121984,16.27787309318034,18.817625978040788,2.751592436295832e-05,1.2762340946138215e-05,0.006889047892059241,13.166428198269841,
C_gap,23,hexc_00189,190,31026221,31025775,446,31026421,finite_positive,False,False,False,True,5.33068275432378,3.1360132305339574,4.310637962664161,28.41617862724496,9.834578982084027,18.581599645161425,4.0003877624842783e-05,1.3844975401229162e-05,0.05350503716416599,18.9225352809608,
C_gap,24,hexc_00173,174,30825511,30824836,675,30825511,finite_negative,False,False,False,True,6.488095069490736,4.87913796069941,4.276609684225691,42.09537763075,23.805987239538,18.28939039121296,8.866595523415045e-05,5.014281181655778e-05,0.014902765087722702,16.61661620778159,
C_gap,25,hexc_00673,674,187509559,187509555,4,187509659,finite_positive,False,False,False,True,6.671592040126686,5.154695153566559,4.235476150764788,44.51014034988176,26.570882126202566,17.939258223697298,7.352200833734836e-07,4.388987771903431e-07,0.007185556466843934,3.8026825196839127,
E_end_over_h,1,hexc_00304,305,30386689,30386676,13,30386821,finite_positive,False,False,False,True,8.580752479596972,6.616791960800818,5.463275323795285,73.62931311610959,43.78193585251833,29.84737726359048,9.861270095805125e-06,5.863771865942267e-06,1.1069467938533912,2.799859728877891,
E_end_over_h,2,hexc_00453,454,604143557,604142790,767,604143557,post_P0_negative_tail,True,False,False,False,8.008560508628985,5.023691945947039,6.2369512305789385,64.13704142037176,25.237480767773153,38.89956065262014,8.378008990139962e-06,3.296688404677933e-06,0.030421083528981097,23.983183564883802,
E_end_over_h,3,hexc_00442,443,604711937,604711166,771,604711937,post_P0_negative_tail,True,False,False,False,7.700000352930452,3.9205486843869206,6.627164057761928,59.29000543512908,15.370701986648015,43.91930344849154,7.786089605810606e-06,2.018513273762394e-06,0.03102371743996324,33.613724801905846,
E_end_over_h,4,hexc_00275,276,108562160,108561847,313,108562291,finite_negative,False,False,False,True,7.517295788807058,5.381442798987884,5.2487912301443815,56.50973597641633,28.959926598778548,27.549809377640567,1.8522158874289463e-05,9.492176032714042e-06,0.20116558688883768,12.251751831502588,
E_end_over_h,5,hexc_00081,82,12782500,12782006,494,12782599,finite_negative,False,False,False,True,7.438244050688844,3.871066344657824,6.351560431332067,55.32747455760799,14.985154644742487,40.34231991286319,0.0001905539623356168,5.1610535572059665e-05,0.04913413580566006,18.41678200310821,
E_end_over_h,6,hexc_00355,356,33821509,33821502,7,33821677,finite_positive,False,False,False,True,7.38923518106439,6.071104017630254,4.212183824121211,54.6007965610797,36.85830399288621,17.74249256818839,5.261093137005674e-06,3.5515044173708654e-06,1.4361630502789637,2.859494676966733,
E_end_over_h,7,hexc_00242,243,30781189,30781182,7,30781319,finite_positive,False,False,False,True,7.348868426896997,6.037917219644655,4.1892031228576885,54.00586715584355,36.456444351281434,17.549422804560606,5.094887652269624e-06,3.439283506642126e-06,1.4283136157444813,2.8437958008044006,
E_end_over_h,8,hexc_00198,199,39635782,39635564,218,39635819,finite_positive,False,False,False,True,7.209357503721075,4.5925513806184,5.557275180593497,51.97483561645937,21.091528183619975,30.88330743284049,2.945504504656541e-05,1.195293655825806e-05,0.0341417674639628,15.412786998682805,
E_end_over_h,9,hexc_00026,27,1192781,1192323,458,1192781,finite_negative,False,False,False,True,7.12859076935284,4.25147562841261,5.722041710606102,50.81680635690252,18.0750450189864,32.741761337916,0.0013147173309265249,0.0004676321998049124,0.017443084023894606,19.075913015040214,
E_end_over_h,10,hexc_00662,663,604872091,604872087,4,604872131,post_P0_positive_tail,True,False,False,False,7.085660762263424,5.475430152365041,4.497360679831783,50.20658843787949,29.980335353428252,20.226253084497003,2.594248423585902e-07,1.549128115435299e-07,0.007185556837049134,4.036919957770806,
E_end_over_h,11,hexc_00273,274,109547591,109546815,776,109547591,finite_negative,False,False,False,True,6.908850056190145,3.5116019698963674,5.949862242434252,47.732209098918574,12.331348394980049,35.400860703944744,3.3288283699061934e-05,8.59984131288338e-06,0.0015802902439265853,27.44779446179473,
E_end_over_h,12,hexc_00059,60,3290983,3290975,8,3291137,finite_positive,False,False,False,True,6.864752116121537,4.969367390804842,4.736054196375123,47.12482161579511,24.69461226479452,22.43020935100241,4.0678337800586574e-05,2.131648980555766e-05,0.6191952643362155,1.6923849701777272,
E_end_over_h,13,hexc_00303,304,604870961,604869251,1710,604870961,post_P0_negative_tail,True,False,False,False,6.763592223849976,3.017800359291349,6.0530207964278455,45.74617977052387,9.107119008538994,36.63906076198799,1.3293950372010177e-05,2.6465507882587825e-06,0.013233035018487826,38.00044160978723,
E_end_over_h,14,hexc_00673,674,187509559,187509555,4,187509659,finite_positive,False,False,False,True,6.671592040126686,5.154695153566559,4.235476150764788,44.51014034988176,26.570882126202566,17.939258223697298,7.352200833734836e-07,4.388987771903431e-07,0.007185556466843934,3.8026825196839127,
E_end_over_h,15,hexc_00322,323,179438221,179438217,4,179438351,finite_positive,False,False,False,True,6.656036436858135,5.1426458852772425,4.225637744464502,44.30282104878313,26.446806701358955,17.856014347443043,7.154629182248775e-07,4.270994273580971e-07,0.007185556442713903,3.793882749791919,
E_end_over_h,16,hexc_00444,445,179382103,179382099,4,179382319,finite_positive,False,False,False,True,6.655925850726129,5.142560225985038,4.225567802379566,44.30134893036435,26.445925677883285,17.855423252506874,7.589229592880685e-07,4.53043093746862e-07,0.007185556442605545,3.7938201914630554,
E_end_over_h,17,hexc_00525,526,179146273,179146269,4,179146433,finite_positive,False,False,False,True,6.6554607456386465,5.142199958637883,4.22527363872733,44.295157736736925,26.442220414615438,17.85293732212409,7.705762945638789e-07,4.599994506902219e-07,0.00718555644171559,3.793557082541156,
E_end_over_h,18,hexc_00448,449,178913599,178913595,4,178913689,finite_positive,False,False,False,True,6.655001264408754,5.141844047494334,4.224983031983146,44.28904182928211,26.43856020875291,17.850481620545494,7.448955074200035e-07,4.446690176334423e-07,0.007185556441081431,3.7932971550262664,
E_end_over_h,19,hexc_00423,424,178906843,178906839,4,178907011,finite_positive,False,False,False,True,6.654987913833241,5.141833706225907,4.224974588182336,44.288864133266515,26.43845386248085,17.850410270786504,7.612323883255991e-07,4.544213939832212e-07,0.007185556440761687,3.7932896026331946,
E_end_over_h,20,hexc_00459,460,178299031,178299027,4,178299217,finite_positive,False,False,False,True,6.653784744915043,5.140901739481967,4.224213623465129,44.27285143166415,26.428870695008715,17.843980736668392,7.690564429438081e-07,4.590915793869222e-07,0.007185556439718965,3.7926089726352075,
E_end_over_h,21,hexc_00095,96,3438637,3438262,375,3438637,finite_negative,False,False,False,True,6.555703716286487,3.5583005624841273,5.505973875960289,42.977251215732466,12.661502892974855,30.315748322757173,0.00039978059635265055,0.00011777912812212016,0.023378803045690955,15.920190263388918,
E_end_over_h,22,hexc_00173,174,30825511,30824836,675,30825511,finite_negative,False,False,False,True,6.488095069490736,4.87913796069941,4.276609684225691,42.09537763075,23.805987239538,18.28939039121296,8.866595523415045e-05,5.014281181655778e-05,0.014902765087722702,16.61661620778159,
E_end_over_h,23,hexc_00270,271,187425023,187423758,1265,187425023,finite_negative,False,False,False,True,6.487786304142439,4.559715961546175,4.615231465294302,42.091371128218206,20.79100964997896,21.300361478242596,2.7773637107415584e-05,1.3718772794459337e-05,0.04645807210678776,14.098607282223384,
E_end_over_h,24,hexc_00619,620,109709029,109709025,4,109709357,finite_positive,False,False,False,True,6.482092317280486,5.007909927383308,4.115623764263235,42.017520809746706,25.079161840784288,16.938358968968284,1.1772522978111863e-06,7.026711794331568e-07,0.007185556088446177,3.6954828886300675,
E_end_over_h,25,hexc_00428,429,108831199,108831195,4,108831299,finite_positive,False,False,False,True,6.479252068684097,5.005709889973529,4.113827398783496,41.980707369547154,25.057131502578798,16.923575866981786,1.153044944529206e-06,6.882208665309502e-07,0.007185556081488187,3.693876164361427,
E_best_over_h,1,hexc_00304,305,30386689,30386676,13,30386821,finite_positive,False,False,False,True,8.580752479596972,6.616791960800818,5.463275323795285,73.62931311610959,43.78193585251833,29.84737726359048,9.861270095805125e-06,5.863771865942267e-06,1.1069467938533912,2.799859728877891,
E_best_over_h,2,hexc_00355,356,33821509,33821502,7,33821677,finite_positive,False,False,False,True,7.38923518106439,6.071104017630254,4.212183824121211,54.6007965610797,36.85830399288621,17.74249256818839,5.261093137005674e-06,3.5515044173708654e-06,1.4361630502789637,2.859494676966733,
E_best_over_h,3,hexc_00242,243,30781189,30781182,7,30781319,finite_positive,False,False,False,True,7.348868426896997,6.037917219644655,4.1892031228576885,54.00586715584355,36.456444351281434,17.549422804560606,5.094887652269624e-06,3.439283506642126e-06,1.4283136157444813,2.8437958008044006,
E_best_over_h,4,hexc_00320,321,109471009,109470995,14,109471171,finite_positive,False,False,False,True,6.030874917591912,5.956490123786639,0.9442868615353766,36.37145227163924,35.47977459476777,0.8916776768683313,1.2594219895041159e-06,1.2285461678455583e-06,0.027079488406675623,1.1155179964798663,
E_best_over_h,5,hexc_00245,246,12808387,12808371,16,12808469,finite_positive,False,False,False,True,5.59790897870274,5.485552969148478,1.1159272182833937,31.33658493384075,30.091291377333686,1.2452935565057128,8.828053475322487e-06,8.477232920608917e-06,0.11213171884791695,0.22045985046315764,
E_best_over_h,6,hexc_00662,663,604872091,604872087,4,604872131,post_P0_positive_tail,True,False,False,False,7.085660762263424,5.475430152365041,4.497360679831783,50.20658843787949,29.980335353428252,20.226253084497003,2.594248423585902e-07,1.549128115435299e-07,0.007185556837049134,4.036919957770806,
E_best_over_h,7,hexc_00112,113,30784249,30783029,1220,30784249,finite_negative,False,False,False,True,5.703211321141049,5.462188142709623,1.6404633696716058,32.52661937359144,29.835499306357605,2.6911200672343196,0.00011340296590874124,0.00010402046618641763,0.028748247298368557,1.2044602147625483,
E_best_over_h,8,hexc_00275,276,108562160,108561847,313,108562291,finite_negative,False,False,False,True,7.517295788807058,5.381442798987884,5.2487912301443815,56.50973597641633,28.959926598778548,27.549809377640567,1.8522158874289463e-05,9.492176032714042e-06,0.20116558688883768,12.251751831502588,
E_best_over_h,9,hexc_00673,674,187509559,187509555,4,187509659,finite_positive,False,False,False,True,6.671592040126686,5.154695153566559,4.235476150764788,44.51014034988176,26.570882126202566,17.939258223697298,7.352200833734836e-07,4.388987771903431e-07,0.007185556466843934,3.8026825196839127,
E_best_over_h,10,hexc_00322,323,179438221,179438217,4,179438351,finite_positive,False,False,False,True,6.656036436858135,5.1426458852772425,4.225637744464502,44.30282104878313,26.446806701358955,17.856014347443043,7.154629182248775e-07,4.270994273580971e-07,0.007185556442713903,3.793882749791919,
E_best_over_h,11,hexc_00444,445,179382103,179382099,4,179382319,finite_positive,False,False,False,True,6.655925850726129,5.142560225985038,4.225567802379566,44.30134893036435,26.445925677883285,17.855423252506874,7.589229592880685e-07,4.53043093746862e-07,0.007185556442605545,3.7938201914630554,
E_best_over_h,12,hexc_00525,526,179146273,179146269,4,179146433,finite_positive,False,False,False,True,6.6554607456386465,5.142199958637883,4.22527363872733,44.295157736736925,26.442220414615438,17.85293732212409,7.705762945638789e-07,4.599994506902219e-07,0.00718555644171559,3.793557082541156,
E_best_over_h,13,hexc_00448,449,178913599,178913595,4,178913689,finite_positive,False,False,False,True,6.655001264408754,5.141844047494334,4.224983031983146,44.28904182928211,26.43856020875291,17.850481620545494,7.448955074200035e-07,4.446690176334423e-07,0.007185556441081431,3.7932971550262664,
E_best_over_h,14,hexc_00423,424,178906843,178906839,4,178907011,finite_positive,False,False,False,True,6.654987913833241,5.141833706225907,4.224974588182336,44.288864133266515,26.43845386248085,17.850410270786504,7.612323883255991e-07,4.544213939832212e-07,0.007185556440761687,3.7932896026331946,
E_best_over_h,15,hexc_00459,460,178299031,178299027,4,178299217,finite_positive,False,False,False,True,6.653784744915043,5.140901739481967,4.224213623465129,44.27285143166415,26.428870695008715,17.843980736668392,7.690564429438081e-07,4.590915793869222e-07,0.007185556439718965,3.7926089726352075,
E_best_over_h,16,hexc_00679,680,604864891,604864888,3,604865039,post_P0_positive_tail,True,False,False,False,5.415322561869612,5.137426068001821,1.7124753559982586,29.325718449094058,26.39314660418465,2.932571844901363,1.426900148785597e-07,1.2842101339070372e-07,1.3264777069141918,1.9897165595448314,
E_best_over_h,17,hexc_00607,608,604715329,604715326,3,604715411,post_P0_positive_tail,True,False,False,False,5.415255256501799,5.137362216523037,1.712454072174737,29.32498949307036,26.392490543758495,2.9324989493078397,1.3989593525318847e-07,1.2590634172784658e-07,1.326461220535153,1.9896918299800745,
E_best_over_h,18,hexc_00222,223,604848841,604844050,4791,604848841,post_P0_negative_tail,True,False,False,False,5.8446202245093115,5.066794674133906,2.9132760423469106,34.159585568743275,25.67240826983171,8.48717729891248,2.3668597395800266e-05,1.778797621231254e-05,0.025033813868972632,30.77344696779437,
E_best_over_h,19,hexc_00066,67,39699197,39695992,3205,39699197,finite_negative,False,False,False,True,5.402608236258769,5.027739452597902,1.9773749647656715,29.188175754491084,25.27816400320945,3.910011751282041,0.0001871865445184669,0.00016211126763562186,0.005115422576909667,16.215209849962775,
E_best_over_h,20,hexc_00453,454,604143557,604142790,767,604143557,post_P0_negative_tail,True,False,False,False,8.008560508628985,5.023691945947039,6.2369512305789385,64.13704142037176,25.237480767773153,38.89956065262014,8.378008990139962e-06,3.296688404677933e-06,0.030421083528981097,23.983183564883802,
E_best_over_h,21,hexc_00619,620,109709029,109709025,4,109709357,finite_positive,False,False,False,True,6.482092317280486,5.007909927383308,4.115623764263235,42.017520809746706,25.079161840784288,16.938358968968284,1.1772522978111863e-06,7.026711794331568e-07,0.007185556088446177,3.6954828886300675,
E_best_over_h,22,hexc_00428,429,108831199,108831195,4,108831299,finite_positive,False,False,False,True,6.479252068684097,5.005709889973529,4.113827398783496,41.980707369547154,25.057131502578798,16.923575866981786,1.153044944529206e-06,6.882208665309502e-07,0.007185556081488187,3.693876164361427,
E_best_over_h,23,hexc_00059,60,3290983,3290975,8,3291137,finite_positive,False,False,False,True,6.864752116121537,4.969367390804842,4.736054196375123,47.12482161579511,24.69461226479452,22.43020935100241,4.0678337800586574e-05,2.131648980555766e-05,0.6191952643362155,1.6923849701777272,
E_best_over_h,24,hexc_00158,159,178905659,178902349,3310,178905659,finite_negative,False,False,False,True,5.167398301838659,4.884858146156631,1.6852792355488448,26.702005209845062,23.8618391080728,2.8401661017720987,4.583522721075273e-05,4.0959950707435586e-05,0.013429320696215274,18.26706869964073,
E_best_over_h,25,hexc_00173,174,30825511,30824836,675,30825511,finite_negative,False,False,False,True,6.488095069490736,4.87913796069941,4.276609684225691,42.09537763075,23.805987239538,18.28939039121296,8.866595523415045e-05,5.014281181655778e-05,0.014902765087722702,16.61661620778159,
E_gap_over_h,1,hexc_00442,443,604711937,604711166,771,604711937,post_P0_negative_tail,True,False,False,False,7.700000352930452,3.9205486843869206,6.627164057761928,59.29000543512908,15.370701986648015,43.91930344849154,7.786089605810606e-06,2.018513273762394e-06,0.03102371743996324,33.613724801905846,
E_gap_over_h,2,hexc_00081,82,12782500,12782006,494,12782599,finite_negative,False,False,False,True,7.438244050688844,3.871066344657824,6.351560431332067,55.32747455760799,14.985154644742487,40.34231991286319,0.0001905539623356168,5.1610535572059665e-05,0.04913413580566006,18.41678200310821,
E_gap_over_h,3,hexc_00453,454,604143557,604142790,767,604143557,post_P0_negative_tail,True,False,False,False,8.008560508628985,5.023691945947039,6.2369512305789385,64.13704142037176,25.237480767773153,38.89956065262014,8.378008990139962e-06,3.296688404677933e-06,0.030421083528981097,23.983183564883802,
E_gap_over_h,4,hexc_00303,304,604870961,604869251,1710,604870961,post_P0_negative_tail,True,False,False,False,6.763592223849976,3.017800359291349,6.0530207964278455,45.74617977052387,9.107119008538994,36.63906076198799,1.3293950372010177e-05,2.6465507882587825e-06,0.013233035018487826,38.00044160978723,
E_gap_over_h,5,hexc_00273,274,109547591,109546815,776,109547591,finite_negative,False,False,False,True,6.908850056190145,3.5116019698963674,5.949862242434252,47.732209098918574,12.331348394980049,35.400860703944744,3.3288283699061934e-05,8.59984131288338e-06,0.0015802902439265853,27.44779446179473,
E_gap_over_h,6,hexc_00026,27,1192781,1192323,458,1192781,finite_negative,False,False,False,True,7.12859076935284,4.25147562841261,5.722041710606102,50.81680635690252,18.0750450189864,32.741761337916,0.0013147173309265249,0.0004676321998049124,0.017443084023894606,19.075913015040214,
E_gap_over_h,7,hexc_00198,199,39635782,39635564,218,39635819,finite_positive,False,False,False,True,7.209357503721075,4.5925513806184,5.557275180593497,51.97483561645937,21.091528183619975,30.88330743284049,2.945504504656541e-05,1.195293655825806e-05,0.0341417674639628,15.412786998682805,
E_gap_over_h,8,hexc_00095,96,3438637,3438262,375,3438637,finite_negative,False,False,False,True,6.555703716286487,3.5583005624841273,5.505973875960289,42.977251215732466,12.661502892974855,30.315748322757173,0.00039978059635265055,0.00011777912812212016,0.023378803045690955,15.920190263388918,
E_gap_over_h,9,hexc_00087,88,3290641,3290318,323,3290641,finite_negative,False,False,False,True,6.088052372123514,2.672272020418052,5.470223389827062,37.064381685718736,7.141037751109179,29.923343934611076,0.00032146709121427065,6.193570564769153e-05,0.02226053477401224,17.992257870452022,
E_gap_over_h,10,hexc_00304,305,30386689,30386676,13,30386821,finite_positive,False,False,False,True,8.580752479596972,6.616791960800818,5.463275323795285,73.62931311610959,43.78193585251833,29.84737726359048,9.861270095805125e-06,5.863771865942267e-06,1.1069467938533912,2.799859728877891,
E_gap_over_h,11,hexc_00174,175,12776941,12776609,332,12776941,finite_positive,False,False,False,True,6.188680230584409,3.1153899757583194,5.3473459113257995,38.299762996426296,9.70565470105542,28.594108295372745,9.22831606510849e-05,2.3385745026281974e-05,0.02507436844516797,14.430473247518876,
E_gap_over_h,12,hexc_00275,276,108562160,108561847,313,108562291,finite_negative,False,False,False,True,7.517295788807058,5.381442798987884,5.2487912301443815,56.50973597641633,28.959926598778548,27.549809377640567,1.8522158874289463e-05,9.492176032714042e-06,0.20116558688883768,12.251751831502588,
E_gap_over_h,13,hexc_00071,72,12843647,12843190,457,12843647,finite_negative,False,False,False,True,6.067760230348158,3.40896510015829,5.019628587744155,36.81771421299473,11.62104305409722,25.19667115889838,0.00012031721210385173,3.797659718685937e-05,0.00689711041419705,17.518528959795276,
E_gap_over_h,14,hexc_00178,179,30851221,30850871,350,30851287,finite_positive,False,False,False,True,6.14693554370963,3.8562840161336798,4.786845533901595,37.78481657852081,14.870926413088101,22.91389016543365,4.343837955789532e-05,1.7095992634154e-05,0.02332178075355562,16.616834260923042,
E_gap_over_h,15,hexc_00059,60,3290983,3290975,8,3291137,finite_positive,False,False,False,True,6.864752116121537,4.969367390804842,4.736054196375123,47.12482161579511,24.69461226479452,22.43020935100241,4.0678337800586574e-05,2.131648980555766e-05,0.6191952643362155,1.6923849701777272,
E_gap_over_h,16,hexc_00431,432,604813747,604812190,1557,604813747,post_P0_negative_tail,True,False,False,False,5.879263670149562,3.545199875883926,4.690127838682031,34.565741303140506,12.568442159967406,21.99729914318018,9.081008140640065e-06,3.301943521733701e-06,0.015913240375492466,26.205663740816817,
E_gap_over_h,17,hexc_00298,299,39651863,39651244,619,39651863,finite_negative,False,False,False,True,5.7422964253228175,3.319763548960464,4.6854176137534065,32.97396823627521,11.020830021006576,21.953138215270666,5.1699592959444696e-05,1.727946184937645e-05,0.037283073524023935,22.618240328446518,
E_gap_over_h,18,hexc_00270,271,187425023,187423758,1265,187425023,finite_negative,False,False,False,True,6.487786304142439,4.559715961546175,4.615231465294302,42.091371128218206,20.79100964997896,21.300361478242596,2.7773637107415584e-05,1.3718772794459337e-05,0.04645807210678776,14.098607282223384,
E_gap_over_h,19,hexc_00208,209,40865926,40865652,274,40866037,finite_positive,False,False,False,True,5.191559714587585,2.3831688486947544,4.612244411210255,26.95229227012873,5.6794937613890815,21.27279850874023,1.8912859630388758e-05,3.985392678450178e-06,0.027899975053759185,14.571564466258224,
E_gap_over_h,20,hexc_00056,57,179620853,179616870,3983,179620853,finite_negative,False,False,False,True,6.295776388796375,4.380709745449327,4.521745510734878,39.63680033772592,19.190617873874707,20.44618246385102,6.583213712460457e-05,3.187339484051023e-05,0.02953657704214918,22.35054122033671,
E_gap_over_h,21,hexc_00662,663,604872091,604872087,4,604872131,post_P0_positive_tail,True,False,False,False,7.085660762263424,5.475430152365041,4.497360679831783,50.20658843787949,29.980335353428252,20.226253084497003,2.594248423585902e-07,1.549128115435299e-07,0.007185556837049134,4.036919957770806,
E_gap_over_h,22,hexc_00251,252,39640132,39639838,294,39640253,finite_positive,False,False,False,True,5.924145429614287,4.034584624615071,4.3379287659020855,35.09549907121984,16.27787309318034,18.817625978040788,2.751592436295832e-05,1.2762340946138215e-05,0.006889047892059241,13.166428198269841,
E_gap_over_h,23,hexc_00189,190,31026221,31025775,446,31026421,finite_positive,False,False,False,True,5.33068275432378,3.1360132305339574,4.310637962664161,28.41617862724496,9.834578982084027,18.581599645161425,4.0003877624842783e-05,1.3844975401229162e-05,0.05350503716416599,18.9225352809608,
E_gap_over_h,24,hexc_00173,174,30825511,30824836,675,30825511,finite_negative,False,False,False,True,6.488095069490736,4.87913796069941,4.276609684225691,42.09537763075,23.805987239538,18.28939039121296,8.866595523415045e-05,5.014281181655778e-05,0.014902765087722702,16.61661620778159,
E_gap_over_h,25,hexc_00673,674,187509559,187509555,4,187509659,finite_positive,False,False,False,True,6.671592040126686,5.154695153566559,4.235476150764788,44.51014034988176,26.570882126202566,17.939258223697298,7.352200833734836e-07,4.388987771903431e-07,0.007185556466843934,3.8026825196839127,
endpoint_residual_fraction,1,hexc_00004,5,356077,355293,784,356077,finite_negative,False,False,False,True,4.659963846370249,2.9578124362820146,3.600917749859537,21.7152630494778,8.748654408224548,12.96660864125347,0.0013550898740644507,0.0005459391844926093,0.054506233117118774,5.888014534602803,
endpoint_residual_fraction,2,hexc_00026,27,1192781,1192323,458,1192781,finite_negative,False,False,False,True,7.12859076935284,4.25147562841261,5.722041710606102,50.81680635690252,18.0750450189864,32.741761337916,0.0013147173309265249,0.0004676321998049124,0.017443084023894606,19.075913015040214,
endpoint_residual_fraction,3,hexc_00018,19,1515197,1513853,1344,1515197,finite_negative,False,False,False,True,3.636778227344154,2.619131084290481,2.5231544221842306,13.226155874884487,6.859847636696631,6.366308238187839,0.0005320069009106019,0.00027592947765329166,0.02596736746661743,7.444362017841513,
endpoint_residual_fraction,4,hexc_00011,12,3279709,3278912,797,3279709,finite_negative,False,False,False,True,5.722357435883904,4.133982042993461,3.956711651387374,32.74537462401581,17.089807531792392,15.6555670922246,0.00046694207578390354,0.00024369701966365498,0.011114091169549312,16.789431784330645,
endpoint_residual_fraction,5,hexc_00028,29,3456977,3455716,1261,3456977,finite_negative,False,False,False,True,4.627711351383401,2.453832452521241,3.9235721793637635,21.415712351722785,6.02129370504641,15.39441864667731,0.00045714035807738976,0.0001285306935023629,0.010889821740866723,20.592510411884405,
endpoint_residual_fraction,6,hexc_00005,6,3448507,3446024,2483,3448507,finite_negative,False,False,False,True,3.950072758850855,3.614619717675169,1.59298433664912,15.603074800215605,13.065475703406118,2.537599096809437,0.0004159678813378587,0.000348317130860772,0.01790899170829474,1.5608927613905053,
endpoint_residual_fraction,7,hexc_00013,14,1195591,1195386,205,1195669,finite_positive,False,False,False,True,5.836408019379565,4.281353402000997,3.966569250101652,34.0636585686781,18.32998695282551,15.733671615851984,0.0004154153049167087,0.00022353902778161853,0.129358145968842,0.7391312597837896,
endpoint_residual_fraction,8,hexc_00095,96,3438637,3438262,375,3438637,finite_negative,False,False,False,True,6.555703716286487,3.5583005624841273,5.505973875960289,42.977251215732466,12.661502892974855,30.315748322757173,0.00039978059635265055,0.00011777912812212016,0.023378803045690955,15.920190263388918,
endpoint_residual_fraction,9,hexc_00055,56,1511449,1511046,403,1511527,finite_positive,False,False,False,True,4.441210001223139,4.2091343268334205,1.416874904018333,19.724346274964436,17.71681178132743,2.007534493636961,0.00037510683112807467,0.00033692863795549313,0.047537801403058855,3.9483599705058623,
endpoint_residual_fraction,10,hexc_00041,42,7117417,7115469,1948,7117417,finite_negative,False,False,False,True,4.735639977082937,2.5794923473327707,3.9714613459781187,22.42628599254608,6.653780769948327,15.772505222598332,0.0003621431164998395,0.00010744627555970189,0.019054065157119382,21.68546457025127,
endpoint_residual_fraction,11,hexc_00017,18,3241093,3239129,1964,3241093,finite_negative,False,False,False,True,3.3271702735937883,2.736557939211929,1.8924356461508107,11.070062029486163,7.488749354663839,3.581312674822237,0.0003223417146451283,0.00021805987185078015,0.028734019609961803,5.281587750125254,
endpoint_residual_fraction,12,hexc_00087,88,3290641,3290318,323,3290641,finite_negative,False,False,False,True,6.088052372123514,2.672272020418052,5.470223389827062,37.064381685718736,7.141037751109179,29.923343934611076,0.00032146709121427065,6.193570564769153e-05,0.02226053477401224,17.992257870452022,
endpoint_residual_fraction,13,hexc_00047,48,3440630,3439819,811,3440807,finite_positive,False,False,False,True,4.499584798782631,3.2896231832263045,3.069958089912055,20.24626336143573,10.821620687619964,9.424642673816473,0.00031206758182784027,0.0001668000133731448,0.041388528793852575,17.183296326199525,
endpoint_residual_fraction,14,hexc_00007,8,3452747,3451296,1451,3452747,finite_negative,False,False,False,True,3.8756857759435848,2.793059515889247,2.68696088072604,15.020940233851428,7.801181459299474,7.219758774552058,0.0003049414510545176,0.00015837248248796342,0.028133727126825714,7.7130230243692495,
endpoint_residual_fraction,15,hexc_00001,2,24181,24178,3,24317,finite_positive,False,False,False,True,2.659038437627159,2.5225853545608086,0.8408617851549579,7.070485412778683,6.363436871044681,0.7070485417339826,0.00029921548732170635,0.00026929393857023264,0.6513287378108803,0.9769724284698782,
endpoint_residual_fraction,16,hexc_00031,32,3293113,3292080,1033,3293113,finite_negative,False,False,False,True,3.2301092922063503,3.00383588207035,1.187676737662406,10.433606039597809,9.023030006413357,1.4105760331844157,0.00021675431711153253,0.0001874501203030266,0.02499098096517527,3.9677645549827503,
endpoint_residual_fraction,17,hexc_00029,30,4994789,4991760,3029,4994789,finite_negative,False,False,False,True,2.602404479570238,2.1010219220669124,1.5356483836744221,6.7725090752872426,4.414293117005743,2.358215958281865,0.00019400084892647022,0.000126448942716709,0.016002431067257183,1.3967010602500523,
endpoint_residual_fraction,18,hexc_00081,82,12782500,12782006,494,12782599,finite_negative,False,False,False,True,7.438244050688844,3.871066344657824,6.351560431332067,55.32747455760799,14.985154644742487,40.34231991286319,0.0001905539623356168,5.1610535572059665e-05,0.04913413580566006,18.41678200310821,
endpoint_residual_fraction,19,hexc_00066,67,39699197,39695992,3205,39699197,finite_negative,False,False,False,True,5.402608236258769,5.027739452597902,1.9773749647656715,29.188175754491084,25.27816400320945,3.910011751282041,0.0001871865445184669,0.00016211126763562186,0.005115422576909667,16.215209849962775,
endpoint_residual_fraction,20,hexc_00039,40,30417481,30409154,8327,30417481,finite_negative,False,False,False,True,3.92485530174517,3.032649072721169,2.4914912685701287,15.40448913963717,9.196960398276564,6.20752874136119,0.00018634179473541563,0.0001112518624402603,0.012146435911368991,16.913722484806385,
endpoint_residual_fraction,21,hexc_00030,31,7108243,7105465,2778,7108243,finite_negative,False,False,False,True,3.0610536895683746,2.8642148070887212,1.0799644574123346,9.370049690420158,8.20372646114628,1.166323229273918,0.0001830505303507334,0.00016026558334055483,0.010988602273698689,1.812086857767099,
endpoint_residual_fraction,22,hexc_00044,45,12836777,12833438,3339,12836777,finite_negative,False,False,False,True,3.2472701683812866,3.2265653621243278,0.3661140674687296,10.544763546459029,10.410724036060493,0.13403951039849749,0.00016592655673394301,0.00016381738526426116,0.0014719786975052607,2.659453968979051,
endpoint_residual_fraction,23,hexc_00054,55,12895717,12894136,1581,12895717,finite_negative,False,False,False,True,4.173567953245754,3.506241972803063,2.2638323013231196,17.418669460359947,12.293732771845916,5.124936688513932,0.00015891694966435195,0.00011216026095084185,0.01987867299532642,8.13774952485278,
endpoint_residual_fraction,24,hexc_00038,39,39690667,39682692,7975,39690667,finite_negative,False,False,False,True,3.8932817375441644,3.5576645063146755,1.5813494074376655,15.157642687894906,12.656976739491244,2.500665948403456,0.00015270097539979443,0.00012750879101249224,0.0009537870633524737,21.68075716053363,
endpoint_residual_fraction,25,hexc_00035,36,39707851,39704004,3847,39707851,finite_negative,False,False,False,True,4.9381612598933655,3.7473615742145925,3.216009617649237,24.385436628711634,14.042718767900068,10.342717860812392,0.00015172443417858675,8.737278695596712e-05,0.028244306607341008,6.446846595234547,
best_residual_fraction,1,hexc_00004,5,356077,355293,784,356077,finite_negative,False,False,False,True,4.659963846370249,2.9578124362820146,3.600917749859537,21.7152630494778,8.748654408224548,12.96660864125347,0.0013550898740644507,0.0005459391844926093,0.054506233117118774,5.888014534602803,
best_residual_fraction,2,hexc_00026,27,1192781,1192323,458,1192781,finite_negative,False,False,False,True,7.12859076935284,4.25147562841261,5.722041710606102,50.81680635690252,18.0750450189864,32.741761337916,0.0013147173309265249,0.0004676321998049124,0.017443084023894606,19.075913015040214,
best_residual_fraction,3,hexc_00005,6,3448507,3446024,2483,3448507,finite_negative,False,False,False,True,3.950072758850855,3.614619717675169,1.59298433664912,15.603074800215605,13.065475703406118,2.537599096809437,0.0004159678813378587,0.000348317130860772,0.01790899170829474,1.5608927613905053,
best_residual_fraction,4,hexc_00055,56,1511449,1511046,403,1511527,finite_positive,False,False,False,True,4.441210001223139,4.2091343268334205,1.416874904018333,19.724346274964436,17.71681178132743,2.007534493636961,0.00037510683112807467,0.00033692863795549313,0.047537801403058855,3.9483599705058623,
best_residual_fraction,5,hexc_00018,19,1515197,1513853,1344,1515197,finite_negative,False,False,False,True,3.636778227344154,2.619131084290481,2.5231544221842306,13.226155874884487,6.859847636696631,6.366308238187839,0.0005320069009106019,0.00027592947765329166,0.02596736746661743,7.444362017841513,
best_residual_fraction,6,hexc_00001,2,24181,24178,3,24317,finite_positive,False,False,False,True,2.659038437627159,2.5225853545608086,0.8408617851549579,7.070485412778683,6.363436871044681,0.7070485417339826,0.00029921548732170635,0.00026929393857023264,0.6513287378108803,0.9769724284698782,
best_residual_fraction,7,hexc_00011,12,3279709,3278912,797,3279709,finite_negative,False,False,False,True,5.722357435883904,4.133982042993461,3.956711651387374,32.74537462401581,17.089807531792392,15.6555670922246,0.00046694207578390354,0.00024369701966365498,0.011114091169549312,16.789431784330645,
best_residual_fraction,8,hexc_00013,14,1195591,1195386,205,1195669,finite_positive,False,False,False,True,5.836408019379565,4.281353402000997,3.966569250101652,34.0636585686781,18.32998695282551,15.733671615851984,0.0004154153049167087,0.00022353902778161853,0.129358145968842,0.7391312597837896,
best_residual_fraction,9,hexc_00017,18,3241093,3239129,1964,3241093,finite_negative,False,False,False,True,3.3271702735937883,2.736557939211929,1.8924356461508107,11.070062029486163,7.488749354663839,3.581312674822237,0.0003223417146451283,0.00021805987185078015,0.028734019609961803,5.281587750125254,
best_residual_fraction,10,hexc_00031,32,3293113,3292080,1033,3293113,finite_negative,False,False,False,True,3.2301092922063503,3.00383588207035,1.187676737662406,10.433606039597809,9.023030006413357,1.4105760331844157,0.00021675431711153253,0.0001874501203030266,0.02499098096517527,3.9677645549827503,
best_residual_fraction,11,hexc_00047,48,3440630,3439819,811,3440807,finite_positive,False,False,False,True,4.499584798782631,3.2896231832263045,3.069958089912055,20.24626336143573,10.821620687619964,9.424642673816473,0.00031206758182784027,0.0001668000133731448,0.041388528793852575,17.183296326199525,
best_residual_fraction,12,hexc_00044,45,12836777,12833438,3339,12836777,finite_negative,False,False,False,True,3.2472701683812866,3.2265653621243278,0.3661140674687296,10.544763546459029,10.410724036060493,0.13403951039849749,0.00016592655673394301,0.00016381738526426116,0.0014719786975052607,2.659453968979051,
best_residual_fraction,13,hexc_00066,67,39699197,39695992,3205,39699197,finite_negative,False,False,False,True,5.402608236258769,5.027739452597902,1.9773749647656715,29.188175754491084,25.27816400320945,3.910011751282041,0.0001871865445184669,0.00016211126763562186,0.005115422576909667,16.215209849962775,
best_residual_fraction,14,hexc_00030,31,7108243,7105465,2778,7108243,finite_negative,False,False,False,True,3.0610536895683746,2.8642148070887212,1.0799644574123346,9.370049690420158,8.20372646114628,1.166323229273918,0.0001830505303507334,0.00016026558334055483,0.010988602273698689,1.812086857767099,
best_residual_fraction,15,hexc_00007,8,3452747,3451296,1451,3452747,finite_negative,False,False,False,True,3.8756857759435848,2.793059515889247,2.68696088072604,15.020940233851428,7.801181459299474,7.219758774552058,0.0003049414510545176,0.00015837248248796342,0.028133727126825714,7.7130230243692495,
best_residual_fraction,16,hexc_00028,29,3456977,3455716,1261,3456977,finite_negative,False,False,False,True,4.627711351383401,2.453832452521241,3.9235721793637635,21.415712351722785,6.02129370504641,15.39441864667731,0.00045714035807738976,0.0001285306935023629,0.010889821740866723,20.592510411884405,
best_residual_fraction,17,hexc_00038,39,39690667,39682692,7975,39690667,finite_negative,False,False,False,True,3.8932817375441644,3.5576645063146755,1.5813494074376655,15.157642687894906,12.656976739491244,2.500665948403456,0.00015270097539979443,0.00012750879101249224,0.0009537870633524737,21.68075716053363,
best_residual_fraction,18,hexc_00029,30,4994789,4991760,3029,4994789,finite_negative,False,False,False,True,2.602404479570238,2.1010219220669124,1.5356483836744221,6.7725090752872426,4.414293117005743,2.358215958281865,0.00019400084892647022,0.000126448942716709,0.016002431067257183,1.3967010602500523,
best_residual_fraction,19,hexc_00095,96,3438637,3438262,375,3438637,finite_negative,False,False,False,True,6.555703716286487,3.5583005624841273,5.505973875960289,42.977251215732466,12.661502892974855,30.315748322757173,0.00039978059635265055,0.00011777912812212016,0.023378803045690955,15.920190263388918,
best_residual_fraction,20,hexc_00054,55,12895717,12894136,1581,12895717,finite_negative,False,False,False,True,4.173567953245754,3.506241972803063,2.2638323013231196,17.418669460359947,12.293732771845916,5.124936688513932,0.00015891694966435195,0.00011216026095084185,0.01987867299532642,8.13774952485278,
best_residual_fraction,21,hexc_00039,40,30417481,30409154,8327,30417481,finite_negative,False,False,False,True,3.92485530174517,3.032649072721169,2.4914912685701287,15.40448913963717,9.196960398276564,6.20752874136119,0.00018634179473541563,0.0001112518624402603,0.012146435911368991,16.913722484806385,
best_residual_fraction,22,hexc_00041,42,7117417,7115469,1948,7117417,finite_negative,False,False,False,True,4.735639977082937,2.5794923473327707,3.9714613459781187,22.42628599254608,6.653780769948327,15.772505222598332,0.0003621431164998395,0.00010744627555970189,0.019054065157119382,21.68546457025127,
best_residual_fraction,23,hexc_00112,113,30784249,30783029,1220,30784249,finite_negative,False,False,False,True,5.703211321141049,5.462188142709623,1.6404633696716058,32.52661937359144,29.835499306357605,2.6911200672343196,0.00011340296590874124,0.00010402046618641763,0.028748247298368557,1.2044602147625483,
best_residual_fraction,24,hexc_00074,75,113195507,113182659,12848,113195507,finite_negative,False,False,False,True,3.9103329374911073,3.8518043799418242,0.6740227746067861,15.290703682027832,14.83639698133902,0.45430670068863027,9.384499837790035e-05,9.10567413770586e-05,0.0023241487778806746,6.9020855685948845,
best_residual_fraction,25,hexc_00035,36,39707851,39704004,3847,39707851,finite_negative,False,False,False,True,4.9381612598933655,3.7473615742145925,3.216009617649237,24.385436628711634,14.042718767900068,10.342717860812392,0.00015172443417858675,8.737278695596712e-05,0.028244306607341008,6.446846595234547,
slope_gap_abs,1,hexc_00355,356,33821509,33821502,7,33821677,finite_positive,False,False,False,True,7.38923518106439,6.071104017630254,4.212183824121211,54.6007965610797,36.85830399288621,17.74249256818839,5.261093137005674e-06,3.5515044173708654e-06,1.4361630502789637,2.859494676966733,
slope_gap_abs,2,hexc_00242,243,30781189,30781182,7,30781319,finite_positive,False,False,False,True,7.348868426896997,6.037917219644655,4.1892031228576885,54.00586715584355,36.456444351281434,17.549422804560606,5.094887652269624e-06,3.439283506642126e-06,1.4283136157444813,2.8437958008044006,
slope_gap_abs,3,hexc_00679,680,604864891,604864888,3,604865039,post_P0_positive_tail,True,False,False,False,5.415322561869612,5.137426068001821,1.7124753559982586,29.325718449094058,26.39314660418465,2.932571844901363,1.426900148785597e-07,1.2842101339070372e-07,1.3264777069141918,1.9897165595448314,
slope_gap_abs,4,hexc_00607,608,604715329,604715326,3,604715411,post_P0_positive_tail,True,False,False,False,5.415255256501799,5.137362216523037,1.712454072174737,29.32498949307036,26.392490543758495,2.9324989493078397,1.3989593525318847e-07,1.2590634172784658e-07,1.326461220535153,1.9896918299800745,
slope_gap_abs,5,hexc_00452,453,180641719,180641716,3,180641999,finite_positive,False,False,False,True,5.086413380313377,4.825395420884192,1.608465140294065,25.87160107543095,23.284440967890124,2.5871601075412065,4.0721480686391063e-07,3.664933261775553e-07,1.2459117402629118,1.868867607629909,
slope_gap_abs,6,hexc_00485,486,179621503,179621500,3,179621809,finite_positive,False,False,False,True,5.084871905346888,4.823933049329003,1.6079776831100983,25.85592229378609,23.270330064408615,2.58559222938012,4.112856511579996e-07,3.701570860422177e-07,1.2455341575517291,1.8683012335468447,
slope_gap_abs,7,hexc_00410,411,179435749,179435746,3,179436077,finite_positive,False,False,False,True,5.084590302121457,4.823665897052712,1.6078886323501604,25.853058540427572,23.267752686389347,2.5853058540408695,4.1342006685402995e-07,3.720780601686994e-07,1.2454651791296545,1.8681977659098266,
slope_gap_abs,8,hexc_00558,559,179412619,179412616,3,179412683,finite_positive,False,False,False,True,5.084555216613337,4.82363261201692,1.6078775373387777,25.8527017507899,23.267431575713175,2.5852701750786125,4.201510210908507e-07,3.7813591898180244e-07,1.2454565849708725,1.868184874670078,
slope_gap_abs,9,hexc_00369,370,179411671,179411668,3,179411909,finite_positive,False,False,False,True,5.084553778511842,4.823631247713816,1.6078770825699804,25.852687126579053,23.26741841392115,2.5852687126537517,3.9959985007064947e-07,3.596398650635846e-07,1.2454562327084382,1.8681843462754841,
slope_gap_abs,10,hexc_00519,520,179378389,179378386,3,179378513,finite_positive,False,False,False,True,5.084503285400544,4.823583345742461,1.6078611152463127,25.852173659248923,23.26695629332403,2.585217365921116,4.041431273182276e-07,3.637288145864048e-07,1.2454438644727173,1.8681657939241632,
slope_gap_abs,11,hexc_00349,350,178894801,178894798,3,178894987,finite_positive,False,False,False,True,5.083768560798666,4.822886324783523,1.6076287749277627,25.844702779764944,23.260232501783918,2.5844702779757394,4.1498549452269455e-07,3.7348694507035236e-07,1.2452638944358316,1.8678958388591127,
slope_gap_abs,12,hexc_00634,635,109814323,109814320,3,109814437,finite_positive,False,False,False,True,4.950949887770994,4.696883468012938,1.565627822670079,24.511904791219617,22.060714312093243,2.4511904791186527,6.570207220609359e-07,5.913186498547241e-07,1.2127300967120398,1.8190951405158557,
slope_gap_abs,13,hexc_00457,458,109709671,109709668,3,109709861,finite_positive,False,False,False,True,4.950690392955411,4.696637289616168,1.5655457632056633,24.509335366901002,22.05840183021311,2.450933536691203,6.470692588659901e-07,5.823623329794494e-07,1.2126665337242084,1.818999796029857,
slope_gap_abs,14,hexc_00536,537,109705909,109705906,3,109705961,finite_positive,False,False,False,True,4.95068106010201,4.6966284356940236,1.5655428118979295,24.509242958852763,22.058318662969693,2.450924295885276,6.412836590371733e-07,5.771552931335138e-07,1.2126642476510696,1.8189963669192366,
slope_gap_abs,15,hexc_00486,487,109567753,109567750,3,109567891,finite_positive,False,False,False,True,4.950338097746163,4.696303073034583,1.5654343576773726,24.50584728199709,22.05526255379407,2.4505847281967683,6.277238746262349e-07,5.649514871635266e-07,1.2125802393731284,1.8188703544965392,
slope_gap_abs,16,hexc_00326,327,109497079,109497076,3,109497203,finite_positive,False,False,False,True,4.95016248738318,4.696136474416727,1.5653788248054192,24.50410865149563,22.05369778634717,2.450410865149195,6.369832220163212e-07,5.732848998147176e-07,1.2125372237953336,1.8188058311270652,
slope_gap_abs,17,hexc_00328,329,109452151,109452148,3,109452269,finite_positive,False,False,False,True,4.950050791598228,4.696030510490963,1.5653435034965182,24.50300283940224,22.052702555462016,2.4503002839387538,6.041403943815402e-07,5.437263549433862e-07,1.2125098640272007,1.8187647914737681,
slope_gap_abs,18,hexc_00287,288,108533473,108533470,3,108533687,finite_positive,False,False,False,True,4.947756750734169,4.693854192238421,1.564618064079278,24.48029686443554,22.032267177994196,2.448029686443187,6.018603171705398e-07,5.416742854535401e-07,1.211947941071001,1.8179219070025283,
slope_gap_abs,19,hexc_00197,198,40839499,40839496,3,40839853,finite_positive,False,False,False,True,4.681739736475033,4.4414882938133955,1.4804960979374073,21.918686960089317,19.72681826408143,2.191868696007889,1.4547121448146998e-06,1.3092409303332991e-06,1.1467873462873701,1.7201810071883301,
slope_gap_abs,20,hexc_00150,151,39670783,39670780,3,39670973,finite_positive,False,False,False,True,4.673837477246401,4.4339915524662095,1.477997184155227,21.844756763713008,19.660281087341705,2.18447567637078,1.382345242940316e-06,1.2441107186462842e-06,1.144851695994907,1.7172775313897546,
slope_gap_abs,21,hexc_00314,315,33926353,33926350,3,33926539,finite_positive,False,False,False,True,4.6312645591165875,4.393603336087124,1.4645344453615725,21.44861141652936,19.30375027487591,2.1448611416505288,1.6577590731530787e-06,1.491983165837731e-06,1.1344235033665413,1.7016352403115889,
slope_gap_abs,22,hexc_00327,328,33488869,33488866,3,33489013,finite_positive,False,False,False,True,4.627732130242135,4.390252179812321,1.463417393270578,21.41590466927541,19.274314202346837,2.1415904669268535,1.8211840408246882e-06,1.6390656367421315e-06,1.1335582385374625,1.7003373428760824,
slope_gap_abs,23,hexc_00512,513,33413521,33413518,3,33413579,finite_positive,False,False,False,True,4.627119083760241,4.389670592854137,1.4632235309510857,21.410231015298212,19.269207913768394,2.141023101528963,1.8686959818508566e-06,1.6818263836657713e-06,1.1334080734305072,1.7001120951817938,
slope_gap_abs,24,hexc_00344,345,31018453,31018450,3,31018529,finite_positive,False,False,False,True,4.606875859499355,4.370466184099319,1.456822061366205,21.223305184837923,19.10097466635567,2.1223305184832792,1.968808504954023e-06,1.7719276544587635e-06,1.1284495164118518,1.6926742584992098,
slope_gap_abs,25,hexc_00172,173,30850279,30850276,3,30850439,finite_positive,False,False,False,True,4.605396233909529,4.369062488014766,1.4563541626716279,21.209674471308073,19.08870702417778,2.1209674471309783,1.8300206209685463e-06,1.6470185588717359e-06,1.1280870836413648,1.69213060925631,
intercept_gap_abs,1,hexc_00000,1,180530237,179845447,684790,180530237,forbidden_negative,False,True,True,True,2.059215174853413,1.7229575494637117,1.1277341970040335,4.240367136346573,2.9685827172539985,1.2717844190923324,4.980267198828742e-06,3.4865695960675505e-06,0.00026434201891889497,155.0673140041872,
intercept_gap_abs,2,hexc_00023,24,180619079,180557417,61662,180619079,finite_negative,False,False,False,True,3.8582045699944114,3.044642665384713,2.3697876580075934,14.88574250392576,9.269848959880932,5.6158935440451145,9.100077814527194e-05,5.666922348118239e-05,0.0006566667177306806,87.85167477941195,
intercept_gap_abs,3,hexc_00006,7,30774449,30670319,104130,30774449,threshold_relevant_negative,False,True,False,True,2.289866718210618,1.9376587063063482,1.2202328978698709,5.243489587168667,3.754521262124791,1.488968325043903,3.3053588386700646e-05,2.3667521089595466e-05,0.0008764980109148279,66.43778593580146,
intercept_gap_abs,4,hexc_00040,41,604672261,604520611,151650,604672261,threshold_relevant_negative,True,True,False,False,1.4656777515477597,1.1785403511233459,0.8713517729115147,2.1482112713820967,1.3889573592259394,0.7592539121560398,6.803174577721121e-06,4.398691842699977e-06,0.0004240602706624408,56.75313280658156,
intercept_gap_abs,5,hexc_00009,10,178298621,178254856,43765,178298621,finite_negative,False,False,False,True,1.9041830682272383,1.573575654647667,1.0722745993557996,3.625913157323299,2.4761403408998333,1.1497728164236407,2.0921081111323995e-05,1.4287030788467357e-05,0.0013495885320988776,38.76701666632471,
intercept_gap_abs,6,hexc_00303,304,604870961,604869251,1710,604870961,post_P0_negative_tail,True,False,False,False,6.763592223849976,3.017800359291349,6.0530207964278455,45.74617977052387,9.107119008538994,36.63906076198799,1.3293950372010177e-05,2.6465507882587825e-06,0.013233035018487826,38.00044160978723,
intercept_gap_abs,7,hexc_00442,443,604711937,604711166,771,604711937,post_P0_negative_tail,True,False,False,False,7.700000352930452,3.9205486843869206,6.627164057761928,59.29000543512908,15.370701986648015,43.91930344849154,7.786089605810606e-06,2.018513273762394e-06,0.03102371743996324,33.613724801905846,
intercept_gap_abs,8,hexc_00078,79,109546081,109535495,10586,109546081,finite_negative,False,False,False,True,3.776888156783639,3.187793150195741,2.0255515249971245,14.264884148852515,10.162025168434885,4.102858980418176,8.377516743960191e-05,5.96797948814441e-05,0.0008069156030946489,31.97444726390222,
intercept_gap_abs,9,hexc_00222,223,604848841,604844050,4791,604848841,post_P0_negative_tail,True,False,False,False,5.8446202245093115,5.066794674133906,2.9132760423469106,34.159585568743275,25.67240826983171,8.48717729891248,2.3668597395800266e-05,1.778797621231254e-05,0.025033813868972632,30.77344696779437,
intercept_gap_abs,10,hexc_00089,90,179641471,179630689,10782,179641471,finite_negative,False,False,False,True,3.9725230319319405,3.6034937908756923,1.6720561409087618,15.780939239229737,12.985167500879669,2.7957717383507013,6.206770650640575e-05,5.107171082552474e-05,0.005566703456524991,30.48894256996209,
intercept_gap_abs,11,hexc_00061,62,113166227,113154493,11734,113166227,finite_negative,False,False,False,True,2.5786452045249852,2.034441375576419,1.584442924236285,6.649411090819703,4.138951710657271,2.5104593801624295,3.9250691056746006e-05,2.4431744807910825e-05,0.0074725136178930285,28.365037235970703,
intercept_gap_abs,12,hexc_00273,274,109547591,109546815,776,109547591,finite_negative,False,False,False,True,6.908850056190145,3.5116019698963674,5.949862242434252,47.732209098918574,12.331348394980049,35.400860703944744,3.3288283699061934e-05,8.59984131288338e-06,0.0015802902439265853,27.44779446179473,
intercept_gap_abs,13,hexc_00431,432,604813747,604812190,1557,604813747,post_P0_negative_tail,True,False,False,False,5.879263670149562,3.545199875883926,4.690127838682031,34.565741303140506,12.568442159967406,21.99729914318018,9.081008140640065e-06,3.301943521733701e-06,0.015913240375492466,26.205663740816817,
intercept_gap_abs,14,hexc_00453,454,604143557,604142790,767,604143557,post_P0_negative_tail,True,False,False,False,8.008560508628985,5.023691945947039,6.2369512305789385,64.13704142037176,25.237480767773153,38.89956065262014,8.378008990139962e-06,3.296688404677933e-06,0.030421083528981097,23.983183564883802,
intercept_gap_abs,15,hexc_00218,219,604167899,604161649,6250,604167899,post_P0_negative_tail,True,False,False,False,4.484403745293186,4.0980377803399195,1.820978665911899,20.10987695079955,16.793913649093337,3.315963301706279,1.788655488160501e-05,1.4937200207458276e-05,0.012589397490521348,23.289660811986323,
intercept_gap_abs,16,hexc_00381,382,604365031,604363228,1803,604365031,post_P0_negative_tail,True,False,False,False,5.431198668091698,3.9901132065095086,3.6846866313875024,29.49791897228103,15.921003400761592,13.57691557152578,8.473198367544913e-06,4.573265665004244e-06,0.007171502630265336,23.105717585531238,
intercept_gap_abs,17,hexc_00298,299,39651863,39651244,619,39651863,finite_negative,False,False,False,True,5.7422964253228175,3.319763548960464,4.6854176137534065,32.97396823627521,11.020830021006576,21.953138215270666,5.1699592959444696e-05,1.727946184937645e-05,0.037283073524023935,22.618240328446518,
intercept_gap_abs,18,hexc_00056,57,179620853,179616870,3983,179620853,finite_negative,False,False,False,True,6.295776388796375,4.380709745449327,4.521745510734878,39.63680033772592,19.190617873874707,20.44618246385102,6.583213712460457e-05,3.187339484051023e-05,0.02953657704214918,22.35054122033671,
intercept_gap_abs,19,hexc_00041,42,7117417,7115469,1948,7117417,finite_negative,False,False,False,True,4.735639977082937,2.5794923473327707,3.9714613459781187,22.42628599254608,6.653780769948327,15.772505222598332,0.0003621431164998395,0.00010744627555970189,0.019054065157119382,21.68546457025127,
intercept_gap_abs,20,hexc_00038,39,39690667,39682692,7975,39690667,finite_negative,False,False,False,True,3.8932817375441644,3.5576645063146755,1.5813494074376655,15.157642687894906,12.656976739491244,2.500665948403456,0.00015270097539979443,0.00012750879101249224,0.0009537870633524737,21.68075716053363,
intercept_gap_abs,21,hexc_00177,178,109496207,109495510,697,109496207,finite_negative,False,False,False,True,4.9430770265994,2.8938125179966443,4.007475464876259,24.43401049089476,8.374150889314079,16.059859601585185,1.512990922392929e-05,5.1854010142961625e-06,0.06544178087270891,20.985803190978913,
intercept_gap_abs,22,hexc_00166,167,109682107,109679748,2359,109682107,finite_negative,False,False,False,True,5.483308395098021,4.028702847880883,3.7197075582940307,30.066670955752432,16.230446636523535,13.83622431922974,5.4336035126115175e-05,2.9331418827595663e-05,0.019199058345224174,20.76918062947516,
intercept_gap_abs,23,hexc_00028,29,3456977,3455716,1261,3456977,finite_negative,False,False,False,True,4.627711351383401,2.453832452521241,3.9235721793637635,21.415712351722785,6.02129370504641,15.39441864667731,0.00045714035807738976,0.0001285306935023629,0.010889821740866723,20.592510411884405,
intercept_gap_abs,24,hexc_00068,69,108581987,108578163,3824,108581987,finite_negative,False,False,False,True,4.373050334465054,3.9453527467960723,1.8862027810164497,19.123569227764918,15.565808296651314,3.557760931114189,5.066802279878355e-05,4.1241711746526374e-05,0.0011900854257641535,19.2110184826397,
intercept_gap_abs,25,hexc_00026,27,1192781,1192323,458,1192781,finite_negative,False,False,False,True,7.12859076935284,4.25147562841261,5.722041710606102,50.81680635690252,18.0750450189864,32.741761337916,0.0013147173309265249,0.0004676321998049124,0.017443084023894606,19.075913015040214,
pythagorean_abs_error,1,hexc_00000,1,180530237,179845447,684790,180530237,forbidden_negative,False,True,True,True,2.059215174853413,1.7229575494637117,1.1277341970040335,4.240367136346573,2.9685827172539985,1.2717844190923324,4.980267198828742e-06,3.4865695960675505e-06,0.00026434201891889497,155.0673140041872,1.6612466424703598e-07
pythagorean_abs_error,2,hexc_00040,41,604672261,604520611,151650,604672261,threshold_relevant_negative,True,True,False,False,1.4656777515477597,1.1785403511233459,0.8713517729115147,2.1482112713820967,1.3889573592259394,0.7592539121560398,6.803174577721121e-06,4.398691842699977e-06,0.0004240602706624408,56.75313280658156,1.7767888493835926e-08
pythagorean_abs_error,3,hexc_00023,24,180619079,180557417,61662,180619079,finite_negative,False,False,False,True,3.8582045699944114,3.044642665384713,2.3697876580075934,14.88574250392576,9.269848959880932,5.6158935440451145,9.100077814527194e-05,5.666922348118239e-05,0.0006566667177306806,87.85167477941195,1.7636921256780624e-08
pythagorean_abs_error,4,hexc_00453,454,604143557,604142790,767,604143557,post_P0_negative_tail,True,False,False,False,8.008560508628985,5.023691945947039,6.2369512305789385,64.13704142037176,25.237480767773153,38.89956065262014,8.378008990139962e-06,3.296688404677933e-06,0.030421083528981097,23.983183564883802,1.6512785805389285e-08
pythagorean_abs_error,5,hexc_00381,382,604365031,604363228,1803,604365031,post_P0_negative_tail,True,False,False,False,5.431198668091698,3.9901132065095086,3.6846866313875024,29.49791897228103,15.921003400761592,13.57691557152578,8.473198367544913e-06,4.573265665004244e-06,0.007171502630265336,23.105717585531238,1.1430529411882162e-08
pythagorean_abs_error,6,hexc_00334,335,604685377,604682818,2559,604685377,post_P0_negative_tail,True,False,False,False,4.898114887135186,3.6029869173171716,3.3181342229061555,23.991529447575342,12.981514726358695,11.010014721221037,9.501059504849288e-06,5.140903757208201e-06,0.02049400093894449,17.126527968743176,1.123407855629921e-08
pythagorean_abs_error,7,hexc_00431,432,604813747,604812190,1557,604813747,post_P0_negative_tail,True,False,False,False,5.879263670149562,3.545199875883926,4.690127838682031,34.565741303140506,12.568442159967406,21.99729914318018,9.081008140640065e-06,3.301943521733701e-06,0.015913240375492466,26.205663740816817,1.1015799827873707e-08
pythagorean_abs_error,8,hexc_00063,64,604810421,604757400,53021,604810421,post_P0_negative_tail,True,False,False,False,1.4639642344415424,1.4101094051482987,0.3934243831240204,2.1431912797240114,1.9884085344876887,0.15478274523651597,7.34267351891837e-06,6.812380597617108e-06,0.00012309266928767215,13.48447372386181,1.0250005288980901e-08
pythagorean_abs_error,9,hexc_00315,316,604434563,604433380,1183,604434563,post_P0_negative_tail,True,False,False,False,3.451930174714648,2.817989651995851,1.9936790745648922,11.915821931105501,7.941065678755697,3.9747562523579254,2.377402943174733e-06,1.5843735351008326e-06,0.006619868615214464,9.93583489282355,9.607902029529214e-09
pythagorean_abs_error,10,hexc_00207,208,604822567,604819805,2762,604822567,post_P0_negative_tail,True,False,False,False,3.8175227805308567,2.959883432555843,2.410927258454073,14.573480179872043,8.76090993431856,5.812570245556873,6.282743795626263e-06,3.776898301196558e-06,0.024383410271014316,4.277985596891085,9.364157449454069e-09
pythagorean_abs_error,11,hexc_00442,443,604711937,604711166,771,604711937,post_P0_negative_tail,True,False,False,False,7.700000352930452,3.9205486843869206,6.627164057761928,59.29000543512908,15.370701986648015,43.91930344849154,7.786089605810606e-06,2.018513273762394e-06,0.03102371743996324,33.613724801905846,8.076312951743603e-09
pythagorean_abs_error,12,hexc_00009,10,178298621,178254856,43765,178298621,finite_negative,False,False,False,True,1.9041830682272383,1.573575654647667,1.0722745993557996,3.625913157323299,2.4761403408998333,1.1497728164236407,2.0921081111323995e-05,1.4287030788467357e-05,0.0013495885320988776,38.76701666632471,7.661583367735147e-09
pythagorean_abs_error,13,hexc_00024,25,109813367,109790208,23159,109813367,finite_negative,False,False,False,True,2.938510897646682,2.5212654981178755,1.5093265331227719,8.634846295588307,6.35677971199958,2.2780665835884055,6.209563255379283e-05,4.571340863628394e-05,0.0066633189211138255,1.4836041655044028,7.450580596923828e-09
pythagorean_abs_error,14,hexc_00089,90,179641471,179630689,10782,179641471,finite_negative,False,False,False,True,3.9725230319319405,3.6034937908756923,1.6720561409087618,15.780939239229737,12.985167500879669,2.7957717383507013,6.206770650640575e-05,5.107171082552474e-05,0.005566703456524991,30.48894256996209,6.8248482421040535e-09
pythagorean_abs_error,15,hexc_00002,3,30974597,30910184,64413,30974597,finite_negative,False,False,False,True,1.4559801260994545,1.3449596674745938,0.5576393282966274,2.1198781275965835,1.80891650713337,0.3109616204631139,1.782758293581249e-05,1.5212482564477579e-05,0.0005573649361344524,17.551248696626317,6.41375663690269e-09
pythagorean_abs_error,16,hexc_00152,153,108849263,108847420,1843,108849263,finite_negative,False,False,False,True,3.431129993808858,2.2419699614543975,2.5973493654789968,11.772653034414775,5.0264293080638325,6.746223726354148,1.743431363316213e-05,7.443721033443269e-06,0.012495658274903398,13.887564895086143,5.908077582716942e-09
pythagorean_abs_error,17,hexc_00078,79,109546081,109535495,10586,109546081,finite_negative,False,False,False,True,3.776888156783639,3.187793150195741,2.0255515249971245,14.264884148852515,10.162025168434885,4.102858980418176,8.377516743960191e-05,5.96797948814441e-05,0.0008069156030946489,31.97444726390222,5.791662260890007e-09
pythagorean_abs_error,18,hexc_00303,304,604870961,604869251,1710,604870961,post_P0_negative_tail,True,False,False,False,6.763592223849976,3.017800359291349,6.0530207964278455,45.74617977052387,9.107119008538994,36.63906076198799,1.3293950372010177e-05,2.6465507882587825e-06,0.013233035018487826,38.00044160978723,5.333276931196451e-09
pythagorean_abs_error,19,hexc_00378,379,604681513,604678930,2583,604681513,post_P0_negative_tail,True,False,False,False,3.063632009384089,2.6872497783099023,1.4712340799118866,9.385841088922792,7.221311371026618,2.1645297178941756,3.819600184401426e-06,2.938737400630658e-06,0.000341069228757207,11.857009276642202,5.158653948456049e-09
pythagorean_abs_error,20,hexc_00039,40,30417481,30409154,8327,30417481,finite_negative,False,False,False,True,3.92485530174517,3.032649072721169,2.4914912685701287,15.40448913963717,9.196960398276564,6.20752874136119,0.00018634179473541563,0.0001112518624402603,0.012146435911368991,16.913722484806385,4.882167559117079e-09
pythagorean_abs_error,21,hexc_00273,274,109547591,109546815,776,109547591,finite_negative,False,False,False,True,6.908850056190145,3.5116019698963674,5.949862242434252,47.732209098918574,12.331348394980049,35.400860703944744,3.3288283699061934e-05,8.59984131288338e-06,0.0015802902439265853,27.44779446179473,4.827597877010703e-09
pythagorean_abs_error,22,hexc_00184,185,187500319,187498570,1749,187500319,finite_negative,False,False,False,True,3.8639448126208293,2.738035433102778,2.726395327544358,14.930069514979417,7.496838032926318,7.433231482055707,1.3175446263375271e-05,6.615788797831653e-06,0.01452854312523788,14.071943679849937,4.562025424093008e-09
pythagorean_abs_error,23,hexc_00222,223,604848841,604844050,4791,604848841,post_P0_negative_tail,True,False,False,False,5.8446202245093115,5.066794674133906,2.9132760423469106,34.159585568743275,25.67240826983171,8.48717729891248,2.3668597395800266e-05,1.778797621231254e-05,0.025033813868972632,30.77344696779437,4.401954356580973e-09
pythagorean_abs_error,24,hexc_00270,271,187425023,187423758,1265,187425023,finite_negative,False,False,False,True,6.487786304142439,4.559715961546175,4.615231465294302,42.091371128218206,20.79100964997896,21.300361478242596,2.7773637107415584e-05,1.3718772794459337e-05,0.04645807210678776,14.098607282223384,4.234607331454754e-09
pythagorean_abs_error,25,hexc_00462,463,604208350,604207847,503,604208581,post_P0_negative_tail,True,False,False,False,5.806926480333425,4.341826560839037,3.8560260973678577,33.72039514799754,18.85145788440734,14.86893726358199,3.191033658492663e-06,1.7839540834791494e-06,0.06860148971640656,5.71696182157757,4.129105946049094e-09
