rank,x,theta_x,H_x,abs_H_x,M_x,ratio,sign,endpoint_type
1,2,0.693147,-1.306853,1.306853,0.679463,1.9233607946,negative,prime_endpoint
2,3,0.693147,-2.306853,2.306853,2.090497,1.1034949609,negative,pre_prime_left_limit
3,3,1.791759,-1.208241,1.208241,2.090497,0.5779680984,negative,prime_endpoint
4,5,1.791759,-3.208241,3.208241,5.792065,0.5539026768,negative,pre_prime_left_limit
5,7,3.401197,-3.598803,3.598803,10.018313,0.3592224259,negative,pre_prime_left_limit
6,11,5.347108,-5.652892,5.652892,19.070267,0.2964244063,negative,pre_prime_left_limit
7,5,3.401197,-1.598803,1.598803,5.792065,0.2760332467,negative,prime_endpoint
8,13,7.745003,-5.254997,5.254997,23.720796,0.2215354455,negative,pre_prime_left_limit
9,17,10.309952,-6.690048,6.690048,33.096572,0.2021371813,negative,pre_prime_left_limit
10,11,7.745003,-3.254997,3.254997,19.070267,0.1706844092,negative,prime_endpoint
11,7,5.347108,-1.652892,1.652892,10.018313,0.1649871098,negative,prime_endpoint
12,29,19.223099,-9.776901,9.776901,61.060667,0.1601178268,negative,pre_prime_left_limit
13,19,13.143166,-5.856834,5.856834,37.790437,0.1549819191,negative,pre_prime_left_limit
14,23,16.087604,-6.912396,6.912396,47.149373,0.1466063069,negative,pre_prime_left_limit
15,37,26.024382,-10.975618,10.975618,79.311487,0.1383862371,negative,pre_prime_left_limit
16,41,29.635300,-11.364700,11.364700,88.303037,0.1287011265,negative,pre_prime_left_limit
17,31,22.590395,-8.409605,8.409605,65.656570,0.1280847514,negative,pre_prime_left_limit
18,17,13.143166,-3.856834,3.856834,33.096572,0.1165327472,negative,prime_endpoint
19,13,10.309952,-2.690048,2.690048,23.720796,0.1134046174,negative,prime_endpoint
20,59,44.930511,-14.069489,14.069489,127.709123,0.1101682351,negative,pre_prime_left_limit
21,29,22.590395,-6.409605,6.409605,61.060667,0.1049711015,negative,prime_endpoint
22,53,40.960219,-12.039781,12.039781,114.757958,0.1049145588,negative,pre_prime_left_limit
23,43,33.348872,-9.651128,9.651128,92.765632,0.1040377567,negative,pre_prime_left_limit
24,47,37.110072,-9.889928,9.889928,101.625732,0.0973171653,negative,pre_prime_left_limit
25,67,53.118923,-13.881077,13.881077,144.712453,0.0959217885,negative,pre_prime_left_limit
26,37,29.635300,-7.364700,7.364700,79.311487,0.0928579278,negative,prime_endpoint
27,61,49.008049,-11.991951,11.991951,131.987627,0.0908566318,negative,pre_prime_left_limit
28,71,57.323615,-13.676385,13.676385,153.106847,0.0893257554,negative,pre_prime_left_limit
29,41,33.348872,-7.651128,7.651128,88.303037,0.0866462642,negative,prime_endpoint
30,97,79.153679,-17.846321,17.846321,206.116704,0.0865835723,negative,pre_prime_left_limit
31,101,83.728390,-17.271610,17.271610,214.055692,0.0806874579,negative,pre_prime_left_limit
32,23,19.223099,-3.776901,3.776901,47.149373,0.0801050157,negative,prime_endpoint
33,59,49.008049,-9.991951,9.991951,127.709123,0.0782399174,negative,prime_endpoint
34,79,65.876755,-13.123245,13.123245,169.694070,0.0773347318,negative,pre_prime_left_limit
35,19,16.087604,-2.912396,2.912396,37.790437,0.0770669970,negative,prime_endpoint
36,31,26.024382,-4.975618,4.975618,65.656570,0.0757824883,negative,prime_endpoint
37,89,74.665043,-14.334957,14.334957,190.074498,0.0754175711,negative,pre_prime_left_limit
38,127,107.069804,-19.930196,19.930196,264.450064,0.0753646843,negative,pre_prime_left_limit
39,149,126.643644,-22.356356,22.356356,305.645789,0.0731446568,negative,pre_prime_left_limit
40,73,61.586295,-11.413705,11.413705,157.278382,0.0725700807,negative,pre_prime_left_limit
41,83,70.246202,-12.753798,12.753798,177.891714,0.0716941632,negative,pre_prime_left_limit
42,137,116.789189,-20.210811,20.210811,283.326451,0.0713340074,negative,pre_prime_left_limit
43,53,44.930511,-8.069489,8.069489,114.757958,0.0703174644,negative,prime_endpoint
44,131,111.913992,-19.086008,19.086008,272.032031,0.0701608865,negative,pre_prime_left_limit
45,103,88.343511,-14.656489,14.656489,218.005425,0.0672299283,negative,pre_prime_left_limit
46,67,57.323615,-9.676385,9.676385,144.712453,0.0668662890,negative,prime_endpoint
47,223,193.915364,-29.084636,29.084636,436.609081,0.0666148207,negative,pre_prime_left_limit
48,97,83.728390,-13.271610,13.271610,206.116704,0.0643888114,negative,prime_endpoint
49,163,141.721116,-21.278884,21.278884,331.260069,0.0642361887,negative,pre_prime_left_limit
50,43,37.110072,-5.889928,5.889928,92.765632,0.0634925675,negative,prime_endpoint
51,157,136.664870,-20.335130,20.335130,320.336321,0.0634805634,negative,pre_prime_left_limit
52,151,131.647590,-19.352410,19.352410,309.332194,0.0625619006,negative,pre_prime_left_limit
53,227,199.322536,-27.677464,27.677464,443.408905,0.0624197293,negative,pre_prime_left_limit
54,107,92.978240,-14.021760,14.021760,225.866403,0.0620798841,negative,pre_prime_left_limit
55,191,167.472034,-23.527966,23.527966,381.251304,0.0617124864,negative,pre_prime_left_limit
56,71,61.586295,-9.413705,9.413705,153.106847,0.0614845453,negative,prime_endpoint
57,179,157.086151,-21.913849,21.913849,360.017502,0.0608688428,negative,pre_prime_left_limit
58,173,151.932860,-21.067140,21.067140,349.295094,0.0603133015,negative,pre_prime_left_limit
59,139,121.709170,-17.290830,17.290830,287.070865,0.0602319229,negative,pre_prime_left_limit
60,61,53.118923,-7.881077,7.881077,131.987627,0.0597107285,negative,prime_endpoint
61,167,146.814866,-20.185134,20.185134,338.499279,0.0596312470,negative,pre_prime_left_limit
62,47,40.960219,-6.039781,6.039781,101.625732,0.0594316069,negative,prime_endpoint
63,101,88.343511,-12.656489,12.656489,214.055692,0.0591270851,negative,prime_endpoint
64,127,111.913992,-15.086008,15.086008,264.450064,0.0570467190,negative,prime_endpoint
65,149,131.647590,-17.352410,17.352410,305.645789,0.0567729399,negative,prime_endpoint
66,347,311.618959,-35.381041,35.381041,637.347387,0.0555129616,negative,pre_prime_left_limit
67,229,204.747486,-24.252514,24.252514,446.799391,0.0542805436,negative,pre_prime_left_limit
68,223,199.322536,-23.677464,23.677464,436.609081,0.0542303513,negative,prime_endpoint
69,137,121.709170,-15.290830,15.290830,283.326451,0.0539689470,negative,prime_endpoint
70,211,188.563506,-22.436494,22.436494,416.054681,0.0539267907,negative,pre_prime_left_limit
71,193,172.724308,-20.275692,20.275692,384.763851,0.0526964589,negative,pre_prime_left_limit
72,131,116.789189,-14.210811,14.210811,272.032031,0.0522394774,negative,prime_endpoint
73,307,277.025012,-29.974988,29.974988,574.646098,0.0521625188,negative,pre_prime_left_limit
74,89,79.153679,-9.846321,9.846321,190.074498,0.0518024285,negative,prime_endpoint
75,79,70.246202,-8.753798,8.753798,169.694070,0.0515857598,negative,prime_endpoint
76,181,162.273537,-18.726463,18.726463,363.575733,0.0515063610,negative,pre_prime_left_limit
77,331,299.996758,-31.003242,31.003242,612.473309,0.0506197443,negative,pre_prime_left_limit
78,251,226.593507,-24.406493,24.406493,483.696149,0.0504583155,negative,pre_prime_left_limit
79,257,232.118960,-24.881040,24.881040,493.637246,0.0504034898,negative,pre_prime_left_limit
80,239,215.632247,-23.367753,23.367753,463.659704,0.0503984995,negative,pre_prime_left_limit
81,233,210.181208,-22.818792,22.818792,453.561781,0.0503102174,negative,pre_prime_left_limit
82,263,237.668036,-25.331964,25.331964,503.528551,0.0503088927,negative,pre_prime_left_limit
83,227,204.747486,-22.252514,22.252514,443.408905,0.0501850855,negative,prime_endpoint
84,269,243.240190,-25.759810,25.759810,513.371215,0.0501777448,negative,pre_prime_left_limit
85,337,305.798876,-31.201124,31.201124,621.832328,0.0501761046,negative,pre_prime_left_limit
86,109,97.651069,-11.348931,11.348931,229.778043,0.0493908430,negative,pre_prime_left_limit
87,349,317.468284,-31.531716,31.531716,640.438132,0.0492346015,negative,pre_prime_left_limit
88,163,146.814866,-16.185134,16.185134,331.260069,0.0488592971,negative,prime_endpoint
89,311,282.751860,-28.248140,28.248140,580.995330,0.0486202534,negative,pre_prime_left_limit
90,419,382.740850,-36.259150,36.259150,746.233360,0.0485895594,negative,pre_prime_left_limit
91,197,177.986998,-19.013002,19.013002,391.766980,0.0485314057,negative,pre_prime_left_limit
92,191,172.724308,-18.275692,18.275692,381.251304,0.0479360786,negative,prime_endpoint
93,367,335.073146,-31.926854,31.926854,668.076292,0.0477892334,negative,pre_prime_left_limit
94,157,141.721116,-15.278884,15.278884,320.336321,0.0476963845,negative,prime_endpoint
95,557,512.120682,-44.879318,44.879318,943.439893,0.0475698753,negative,pre_prime_left_limit
96,431,394.821354,-36.178646,36.178646,763.939426,0.0473580040,negative,pre_prime_left_limit
97,373,340.978508,-32.021492,32.021492,677.219393,0.0472837789,negative,pre_prime_left_limit
98,83,74.665043,-8.334957,8.334957,177.891714,0.0468541045,negative,prime_endpoint
99,563,518.443247,-44.556753,44.556753,951.725103,0.0468168305,negative,pre_prime_left_limit
100,379,346.900086,-32.099914,32.099914,686.328679,0.0467704681,negative,pre_prime_left_limit
