candidate_id,block_id,x,y,h,p_star,post_P0_flag,post_P0_by_pstar,finite_zone_flag,finite_certified_flag,threshold_relevant_flag,forbidden_flag,near_forbidden_flag,positive_harmless_flag,negative_transfer_flag,O2_B3_repaid_flag,B3_block_pass,covered_flag,row_regime,Q_R2Q,Q_delta_D,Q_exc,epsilon,E_theta,Q_2p1,Q_2p2,Q_2p3,Q_2p4,Q_O2_row_sum,O2_cap_sum,O2_value,O2_cap_pass_0p05,pass_Q_O2_lt_0p10,pass_Q_O2_lt_0p25,O2_status,O2_failure_type,surviving_first_crossing_proxy,subthreshold_surviving_proxy_flag,explicit_non_surviving_flag,subthreshold_flag,superthreshold_flag,threshold_relevance_pass_flag,threshold_classification,threshold_status,accumulation_proxy,unrepaid_tail,endpoint_repaid_flag,endpoint_harmful_flag,endpoint_repayment_failure_flag,positive_unrepaid_tail_flag,negative_unrepaid_tail_flag,tail_forbidden_unrepaid_flag,B3_status,E_theta_sign,threshold_row_flag,positive_row_flag,negative_subthreshold_flag,harmless_flag,repaid_flag,surviving_flag,non_surviving_flag,unrepaid_flag,surviving_unrepaid_flag,O2_available_flag,O2_margin,O2_balance,O2_balance_negative_flag,O2_cap_failure_flag,O2_repayment_failure_flag,O2_numeric_failure_flag,O2_failure_flag,Q_R2Q_bin
hexc_00002,3,30974597,30910184,64413,30974597,False,False,True,True,False,False,False,False,True,True,True,True,primitive_full_verified,0.6812241515207513,0.6643586881865706,0.0022416133345536,0.014623849999627,-1027.9446158131832,0.009502682738794,1.7708717670867989e-06,0.0022416133345536,0.0001142102173859,,0.0499059549846063,0.0499059549846063,True,True,True,pass,,False,False,True,True,False,True,explicit_non_surviving,pass,0.0,0.0,True,False,False,False,False,False,pass,negative,False,False,True,False,True,False,True,False,False,True,9.404501539370114e-05,9.404501539370114e-05,False,False,False,False,False,"(0.305, 0.75]"
hexc_00004,5,356077,355293,784,356077,False,False,True,True,False,False,False,False,True,True,True,True,primitive_full_verified,0.1566810093663226,0.1351797213221275,0.0128661873649445,0.0086351006792505,-4.315460261267276,0.009502682738794,3.141097334843603e-05,0.0128661873649445,0.0,,0.0499059549846063,0.0499059549846063,True,True,True,pass,,False,False,True,True,False,True,explicit_non_surviving,pass,0.0,0.0,True,False,False,False,False,False,pass,negative,False,False,True,True,True,False,True,False,False,True,9.404501539370114e-05,9.404501539370114e-05,False,False,False,False,False,"(-inf, 0.305]"
hexc_00005,6,3448507,3446024,2483,3448507,False,False,True,True,False,False,False,False,True,True,True,True,primitive_full_verified,0.1786966438467436,0.1494490028165924,0.0076387824505859,0.0216088585795651,-285.247239607314,0.009502682738794,6.013009100042237e-06,0.0076387824505859,0.0,,0.0499059549846063,0.0499059549846063,True,True,True,pass,,False,False,True,True,False,True,explicit_non_surviving,pass,0.0,0.0,True,False,False,False,False,False,pass,negative,False,False,True,True,True,False,True,False,False,True,9.404501539370114e-05,9.404501539370114e-05,False,False,False,False,False,"(-inf, 0.305]"
hexc_00007,8,3452747,3451296,1451,3452747,False,False,True,True,False,False,False,False,True,True,True,True,primitive_full_verified,0.1383470038914393,0.1049756413821095,0.0076429115920426,0.0257284509172871,-246.6432758578178,0.009502682738794,8.404223960364349e-07,0.0076429115920426,0.0,,0.0499059549846063,0.0499059549846063,True,True,True,pass,,False,False,True,True,False,True,explicit_non_surviving,pass,0.0,0.0,True,False,False,False,False,False,pass,negative,False,False,True,True,True,False,True,False,False,True,9.404501539370114e-05,9.404501539370114e-05,False,False,False,False,False,"(-inf, 0.305]"
hexc_00008,9,12883477,12871995,11482,12883477,False,False,True,True,False,False,False,False,True,True,True,True,primitive_full_verified,0.3212949859833325,0.3009444286825112,0.0039191521021917,0.0164314051986295,-480.68150179983786,0.009502682738794,1.1338795712939568e-05,0.0039191521021917,0.0,,0.0499059549846063,0.0499059549846063,True,True,True,pass,,False,False,True,True,False,True,explicit_non_surviving,pass,0.0,0.0,True,False,False,False,False,False,pass,negative,False,False,True,False,True,False,True,False,False,True,9.404501539370114e-05,9.404501539370114e-05,False,False,False,False,False,"(0.305, 0.75]"
hexc_00009,10,178298621,178254856,43765,178298621,False,False,True,True,False,False,False,False,True,True,True,True,primitive_full_verified,0.4625799992422776,0.437251926315424,0.0025143310542018,0.0228137418726517,-1758.548029879923,0.009502682738794,3.6549657363459032e-06,0.0025143310542018,0.0,,0.0499059549846063,0.0499059549846063,True,True,True,pass,,False,False,True,True,False,True,explicit_non_surviving,pass,0.0,0.0,True,False,False,False,False,False,pass,negative,False,False,True,False,True,False,True,False,False,True,9.404501539370114e-05,9.404501539370114e-05,False,False,False,False,False,"(0.305, 0.75]"
hexc_00011,12,3279709,3278912,797,3279709,False,False,True,True,False,False,False,False,True,True,True,True,primitive_full_verified,0.1060058846880691,0.0733688760483797,0.0114062615417102,0.021230747097979,-166.86828088206357,0.009502682738794,1.0206908080493896e-05,0.0114062615417102,0.0,,0.0499059549846063,0.0499059549846063,True,True,True,pass,,False,False,True,True,False,True,explicit_non_surviving,pass,0.0,0.0,True,False,False,False,False,False,pass,negative,False,False,True,True,True,False,True,False,False,True,9.404501539370114e-05,9.404501539370114e-05,False,False,False,False,False,"(-inf, 0.305]"
hexc_00017,18,3241093,3239129,1964,3241093,False,False,True,True,False,False,False,False,True,True,True,True,primitive_full_verified,0.159654089699117,0.1401120285534746,0.0081749848918229,0.0113670762538194,-165.06704136906455,0.009502682738794,2.3334301314073312e-05,0.0081749848918229,0.0,,0.0499059549846063,0.0499059549846063,True,True,True,pass,,False,False,True,True,False,True,explicit_non_surviving,pass,0.0,0.0,True,False,False,False,False,False,pass,negative,False,False,True,True,True,False,True,False,False,True,9.404501539370114e-05,9.404501539370114e-05,False,False,False,False,False,"(-inf, 0.305]"
hexc_00018,19,1515197,1513853,1344,1515197,False,False,True,True,False,False,False,False,True,True,True,True,primitive_full_verified,0.1510851987794436,0.1353288100910507,0.0103425912084517,0.0054137974799411,-63.24655312102391,0.009502682738794,4.776614987102008e-05,0.0103425912084517,0.0,,0.0499059549846063,0.0499059549846063,True,True,True,pass,,False,False,True,True,False,True,explicit_non_surviving,pass,0.0,0.0,True,False,False,False,False,False,pass,negative,False,False,True,True,True,False,True,False,False,True,9.404501539370114e-05,9.404501539370114e-05,False,False,False,False,False,"(-inf, 0.305]"
hexc_00020,21,30847123,30831334,15789,30847123,False,False,True,True,False,False,False,False,True,True,True,True,primitive_full_verified,0.338124053326903,0.3244066291128366,0.0060303868534807,0.0076870373605856,-424.33160930738086,0.009502682738794,5.600014978889258e-07,0.0060303868534807,0.0,,0.0499059549846063,0.0499059549846063,True,True,True,pass,,False,False,True,True,False,True,explicit_non_surviving,pass,0.0,0.0,True,False,False,False,False,False,pass,negative,False,False,True,False,True,False,True,False,False,True,9.404501539370114e-05,9.404501539370114e-05,False,False,False,False,False,"(0.305, 0.75]"
hexc_00023,24,180619079,180557417,61662,180619079,False,False,True,True,False,False,False,False,True,True,True,True,primitive_full_verified,0.5459231094474968,0.5329138719787416,0.0051149881925594,0.0078942492761956,-1166.673386312199,0.009502682738794,1.180746907206342e-05,0.0051149881925594,0.0,,0.0499059549846063,0.0499059549846063,True,True,True,pass,,False,False,True,True,False,True,explicit_non_surviving,pass,0.0,0.0,True,False,False,False,False,False,pass,negative,False,False,True,False,True,False,True,False,False,True,9.404501539370114e-05,9.404501539370114e-05,False,False,False,False,False,"(0.305, 0.75]"
hexc_00024,25,109813367,109790208,23159,109813367,False,False,True,True,False,False,False,False,True,True,True,True,primitive_full_verified,0.3557665519303423,0.3389837450779626,0.0045682420338709,0.0122145648185086,-719.8064293124298,0.009502682738794,1.2382311357449096e-06,0.0045682420338709,0.0,,0.0499059549846063,0.0499059549846063,True,True,True,pass,,False,False,True,True,False,True,explicit_non_surviving,pass,0.0,0.0,True,False,False,False,False,False,pass,negative,False,False,True,False,True,False,True,False,False,True,9.404501539370114e-05,9.404501539370114e-05,False,False,False,False,False,"(0.305, 0.75]"
hexc_00026,27,1192781,1192323,458,1192781,False,False,True,True,False,False,False,False,True,True,True,True,primitive_full_verified,0.0967472985369818,0.0776974809855303,0.0120403626533005,0.0070094548981509,-38.252494546276125,0.009502682738794,1.3525862640847052e-05,0.0120403626533005,0.0,,0.0499059549846063,0.0499059549846063,True,True,True,pass,,False,False,True,True,False,True,explicit_non_surviving,pass,0.0,0.0,True,False,False,False,False,False,pass,negative,False,False,True,True,True,False,True,False,False,True,9.404501539370114e-05,9.404501539370114e-05,False,False,False,False,False,"(-inf, 0.305]"
hexc_00027,28,109670797,109660803,9994,109670797,False,False,True,True,False,False,False,False,True,True,True,True,primitive_full_verified,0.2345732370876761,0.2113316628996534,0.0098010101179576,0.0134405640700649,-700.5003791113922,0.009502682738794,7.899281192864654e-06,0.0098010101179576,0.0,,0.0499059549846063,0.0499059549846063,True,True,True,pass,,False,False,True,True,False,True,explicit_non_surviving,pass,0.0,0.0,True,False,False,False,False,False,pass,negative,False,False,True,True,True,False,True,False,False,True,9.404501539370114e-05,9.404501539370114e-05,False,False,False,False,False,"(-inf, 0.305]"
hexc_00028,29,3456977,3455716,1261,3456977,False,False,True,True,False,False,False,False,True,True,True,True,primitive_full_verified,0.1341559286414388,0.1174356488415478,0.0077614986724626,0.0089587811274282,-56.54292508843059,0.009502682738794,6.665203439909114e-07,0.0077614986724626,0.0,,0.0499059549846063,0.0499059549846063,True,True,True,pass,,False,False,True,True,False,True,explicit_non_surviving,pass,0.0,0.0,True,False,False,False,False,False,pass,negative,False,False,True,True,True,False,True,False,False,True,9.404501539370114e-05,9.404501539370114e-05,False,False,False,False,False,"(-inf, 0.305]"
hexc_00029,30,4994789,4991760,3029,4994789,False,False,True,True,False,False,False,False,True,True,True,True,primitive_full_verified,0.1879865387221068,0.1751074858509674,0.0057126820734734,0.0071663707976659,-113.94054074237602,0.009502682738794,2.0801171870384345e-05,0.0057126820734734,0.0,,0.0499059549846063,0.0499059549846063,True,True,True,pass,,False,False,True,True,False,True,explicit_non_surviving,pass,0.0,0.0,True,False,False,False,False,False,pass,negative,False,False,True,True,True,False,True,False,False,True,9.404501539370114e-05,9.404501539370114e-05,False,False,False,False,False,"(-inf, 0.305]"
hexc_00030,31,7108243,7105465,2778,7108243,False,False,True,True,False,False,False,False,True,True,True,True,primitive_full_verified,0.1766899326140388,0.1621275115134674,0.0068229245505902,0.007739496549981,-80.20709910296955,0.009502682738794,1.6250435513810547e-05,0.0068229245505902,0.0,,0.0499059549846063,0.0499059549846063,True,True,True,pass,,False,False,True,True,False,True,explicit_non_surviving,pass,0.0,0.0,True,False,False,False,False,False,pass,negative,False,False,True,True,True,False,True,False,False,True,9.404501539370114e-05,9.404501539370114e-05,False,False,False,False,False,"(-inf, 0.305]"
hexc_00031,32,3293113,3292080,1033,3293113,False,False,True,True,False,False,False,False,True,True,True,True,primitive_full_verified,0.1154116378424172,0.0971366049932867,0.0061349229944132,0.0121401098547171,-117.56184933337444,0.009502682738794,1.922512008855896e-05,0.0061349229944132,0.0,,0.0499059549846063,0.0499059549846063,True,True,True,pass,,False,False,True,True,False,True,explicit_non_surviving,pass,0.0,0.0,True,False,False,False,False,False,pass,negative,False,False,True,True,True,False,True,False,False,True,9.404501539370114e-05,9.404501539370114e-05,False,False,False,False,False,"(-inf, 0.305]"
hexc_00035,36,39707851,39704004,3847,39707851,False,False,True,True,False,False,False,False,True,True,True,True,primitive_full_verified,0.1623741874086595,0.1371454844597804,0.0110407093348006,0.0141879936140783,-452.5803398765943,0.009502682738794,1.0161605618108868e-05,0.0110407093348006,0.0,,0.0499059549846063,0.0499059549846063,True,True,True,pass,,False,False,True,True,False,True,explicit_non_surviving,pass,0.0,0.0,True,False,False,False,False,False,pass,negative,False,False,True,True,True,False,True,False,False,True,9.404501539370114e-05,9.404501539370114e-05,False,False,False,False,False,"(-inf, 0.305]"
hexc_00038,39,39690667,39682692,7975,39690667,False,False,True,True,False,False,False,False,True,True,True,True,primitive_full_verified,0.2349256240499423,0.2184817075940539,0.0069005695359736,0.0095433469199146,-364.0109776889212,0.009502682738794,2.5017136517952583e-05,0.0069005695359736,0.0,,0.0499059549846063,0.0499059549846063,True,True,True,pass,,False,False,True,True,False,True,explicit_non_surviving,pass,0.0,0.0,True,False,False,False,False,False,pass,negative,False,False,True,True,True,False,True,False,False,True,9.404501539370114e-05,9.404501539370114e-05,False,False,False,False,False,"(-inf, 0.305]"
hexc_00039,40,30417481,30409154,8327,30417481,False,False,True,True,False,False,False,False,True,True,True,True,primitive_full_verified,0.24963148266117,0.2357893781039462,0.0085348501864403,0.0053072543707834,-228.7179970545885,0.009502682738794,3.45749292851077e-05,0.0085348501864403,0.0,,0.0499059549846063,0.0499059549846063,True,True,True,pass,,False,False,True,True,False,True,explicit_non_surviving,pass,0.0,0.0,True,False,False,False,False,False,pass,negative,False,False,True,True,True,False,True,False,False,True,9.404501539370114e-05,9.404501539370114e-05,False,False,False,False,False,"(-inf, 0.305]"
hexc_00041,42,7117417,7115469,1948,7117417,False,False,True,True,False,False,False,False,True,True,True,True,primitive_full_verified,0.1460888226947264,0.1301567329770984,0.007641518998895,0.0082905707187329,-117.76229972501552,0.009502682738794,1.527459367386383e-05,0.007641518998895,0.0,,0.0499059549846063,0.0499059549846063,True,True,True,pass,,False,False,True,True,False,True,explicit_non_surviving,pass,0.0,0.0,True,False,False,False,False,False,pass,negative,False,False,True,True,True,False,True,False,False,True,9.404501539370114e-05,9.404501539370114e-05,False,False,False,False,False,"(-inf, 0.305]"
hexc_00042,43,12781267,12779528,1739,12781267,False,False,True,True,False,False,False,False,True,True,True,True,primitive_full_verified,0.1300675391522673,0.1101458902583867,0.0053725661686165,0.014549082725264,-151.7480364006467,0.009502682738794,2.3397137124073627e-06,0.0053725661686165,0.0,,0.0499059549846063,0.0499059549846063,True,True,True,pass,,False,False,True,True,False,True,explicit_non_surviving,pass,0.0,0.0,True,False,False,False,False,False,pass,negative,False,False,True,True,True,False,True,False,False,True,9.404501539370114e-05,9.404501539370114e-05,False,False,False,False,False,"(-inf, 0.305]"
hexc_00043,44,109588091,109577354,10737,109588091,False,False,True,True,False,False,False,False,True,True,True,True,primitive_full_verified,0.2415685632788372,0.2225301612998425,0.0066368119233886,0.0124015900556059,-629.3445955758762,0.009502682738794,1.1292882112888008e-05,0.0066368119233886,0.0,,0.0499059549846063,0.0499059549846063,True,True,True,pass,,False,False,True,True,False,True,explicit_non_surviving,pass,0.0,0.0,True,False,False,False,False,False,pass,negative,False,False,True,True,True,False,True,False,False,True,9.404501539370114e-05,9.404501539370114e-05,False,False,False,False,False,"(-inf, 0.305]"
hexc_00044,45,12836777,12833438,3339,12836777,False,False,True,True,False,False,False,False,True,True,True,True,primitive_full_verified,0.1752468754780604,0.1608095545919656,0.0060864238556851,0.0083508970304095,-163.66723291570224,0.009502682738794,2.997743348793443e-05,0.0060864238556851,0.0,,0.0499059549846063,0.0499059549846063,True,True,True,pass,,False,False,True,True,False,True,explicit_non_surviving,pass,0.0,0.0,True,False,False,False,False,False,pass,negative,False,False,True,True,True,False,True,False,False,True,9.404501539370114e-05,9.404501539370114e-05,False,False,False,False,False,"(-inf, 0.305]"
hexc_00046,47,12807413,12805898,1515,12807413,False,False,True,True,False,False,False,False,True,True,True,True,primitive_full_verified,0.1184377830877646,0.0957330676536776,0.006714545286013,0.0159901701480738,-205.7621329185172,0.009502682738794,6.0721646633250806e-06,0.006714545286013,0.0,,0.0499059549846063,0.0499059549846063,True,True,True,pass,,False,False,True,True,False,True,explicit_non_surviving,pass,0.0,0.0,True,False,False,False,False,False,pass,negative,False,False,True,True,True,False,True,False,False,True,9.404501539370114e-05,9.404501539370114e-05,False,False,False,False,False,"(-inf, 0.305]"
hexc_00048,49,33902159,33888759,13400,33902159,False,False,True,True,False,False,False,False,True,True,True,True,primitive_full_verified,0.3075518627750951,0.2975764937115444,0.0049814047227133,0.0049939643408373,-291.8733586694325,0.009502682738794,1.1721286160395029e-05,0.0049814047227133,0.0,,0.0499059549846063,0.0499059549846063,True,True,True,pass,,False,False,True,True,False,True,explicit_non_surviving,pass,0.0,0.0,True,False,False,False,False,False,pass,negative,False,False,True,False,True,False,True,False,False,True,9.404501539370114e-05,9.404501539370114e-05,False,False,False,False,False,"(0.305, 0.75]"
hexc_00049,50,3457967,3457512,455,3457967,False,False,True,True,False,False,False,False,True,True,True,True,primitive_full_verified,0.0793601948576568,0.055366069112823,0.006278619086263,0.0177155066585706,-93.6529697629686,0.009502682738794,3.578253462203419e-05,0.006278619086263,0.0,,0.0499059549846063,0.0499059549846063,True,True,True,pass,,False,False,True,True,False,True,explicit_non_surviving,pass,0.0,0.0,True,False,False,False,False,False,pass,negative,False,False,True,True,True,False,True,False,False,True,9.404501539370114e-05,9.404501539370114e-05,False,False,False,False,False,"(-inf, 0.305]"
hexc_00050,51,12842173,12840082,2091,12842173,False,False,True,True,False,False,False,False,True,True,True,True,primitive_full_verified,0.1392439305539144,0.1199057486653474,0.0050051051752984,0.0143330767132684,-192.29332879440085,0.009502682738794,2.7316151116912506e-05,0.0050051051752984,0.0,,0.0499059549846063,0.0499059549846063,True,True,True,pass,,False,False,True,True,False,True,explicit_non_surviving,pass,0.0,0.0,True,False,False,False,False,False,pass,negative,False,False,True,True,True,False,True,False,False,True,9.404501539370114e-05,9.404501539370114e-05,False,False,False,False,False,"(-inf, 0.305]"
hexc_00053,54,7112297,7110038,2259,7112297,False,False,True,True,False,False,False,False,True,True,True,True,primitive_full_verified,0.1547550134720171,0.1421341086327225,0.0030623697626775,0.0095585350766169,-113.30394854654696,0.009502682738794,9.233002785033278e-06,0.0030623697626775,0.0,,0.0499059549846063,0.0499059549846063,True,True,True,pass,,False,False,True,True,False,True,explicit_non_surviving,pass,0.0,0.0,True,False,False,False,False,False,pass,negative,False,False,True,True,True,False,True,False,False,True,9.404501539370114e-05,9.404501539370114e-05,False,False,False,False,False,"(-inf, 0.305]"
hexc_00054,55,12895717,12894136,1581,12895717,False,False,True,True,False,False,False,False,True,True,True,True,primitive_full_verified,0.1217247995908262,0.1031699645978112,0.0082557947953519,0.010299040197663,-156.60587200935356,0.009502682738794,1.380582544951174e-05,0.0082557947953519,0.0,,0.0499059549846063,0.0499059549846063,True,True,True,pass,,False,False,True,True,False,True,explicit_non_surviving,pass,0.0,0.0,True,False,False,False,False,False,pass,negative,False,False,True,True,True,False,True,False,False,True,9.404501539370114e-05,9.404501539370114e-05,False,False,False,False,False,"(-inf, 0.305]"
hexc_00056,57,179620853,179616870,3983,179620853,False,False,True,True,False,False,False,False,True,True,True,True,primitive_full_verified,0.1434186712486546,0.1108425832777827,0.0081468555780067,0.024429232392865,-637.8829200418768,0.009502682738794,8.128641669026644e-07,0.0081468555780067,0.0,,0.0499059549846063,0.0499059549846063,True,True,True,pass,,False,False,True,True,False,True,explicit_non_surviving,pass,0.0,0.0,True,False,False,False,False,False,pass,negative,False,False,True,True,True,False,True,False,False,True,9.404501539370114e-05,9.404501539370114e-05,False,False,False,False,False,"(-inf, 0.305]"
hexc_00061,62,113166227,113154493,11734,113166227,False,False,True,True,False,False,False,False,True,True,True,True,primitive_full_verified,0.2503069484559692,0.2349919129337335,0.0041822745120619,0.0111327610101736,-570.3217879884924,0.009502682738794,1.4404072231433875e-05,0.0041822745120619,0.0,,0.0499059549846063,0.0499059549846063,True,True,True,pass,,False,False,True,True,False,True,explicit_non_surviving,pass,0.0,0.0,True,False,False,False,False,False,pass,negative,False,False,True,True,True,False,True,False,False,True,9.404501539370114e-05,9.404501539370114e-05,False,False,False,False,False,"(-inf, 0.305]"
hexc_00062,63,30816007,30813688,2319,30816007,False,False,True,True,False,False,False,False,True,True,True,True,primitive_full_verified,0.1321516982536188,0.1136507642000766,0.0075446709207132,0.0109562631328288,-215.2921471839013,0.009502682738794,4.594820002718916e-06,0.0075446709207132,0.0,,0.0499059549846063,0.0499059549846063,True,True,True,pass,,False,False,True,True,False,True,explicit_non_surviving,pass,0.0,0.0,True,False,False,False,False,False,pass,negative,False,False,True,True,True,False,True,False,False,True,9.404501539370114e-05,9.404501539370114e-05,False,False,False,False,False,"(-inf, 0.305]"
hexc_00063,64,604810421,604757400,53021,604810421,True,True,False,False,False,False,False,False,True,True,True,True,primitive_full_verified,0.4494568065190746,0.436528398028676,0.0016779826148503,0.0112504258755482,-1034.3984432700745,0.009502682738794,5.489161390664549e-06,0.0016779826148503,0.0,,0.0499059549846063,0.0499059549846063,True,True,True,pass,,False,False,True,True,False,True,explicit_non_surviving,pass,0.0,0.0,True,False,False,False,False,False,pass,negative,False,False,True,False,True,False,True,False,False,True,9.404501539370114e-05,9.404501539370114e-05,False,False,False,False,False,"(0.305, 0.75]"
hexc_00066,67,39699197,39695992,3205,39699197,False,False,True,True,False,False,False,False,True,True,True,True,primitive_full_verified,0.1495716452263878,0.1316093417511963,0.0085253544488815,0.0094369490263099,-265.53724747196566,0.009502682738794,2.2232142016431296e-05,0.0085253544488815,0.0,,0.0499059549846063,0.0499059549846063,True,True,True,pass,,False,False,True,True,False,True,explicit_non_surviving,pass,0.0,0.0,True,False,False,False,False,False,pass,negative,False,False,True,True,True,False,True,False,False,True,9.404501539370114e-05,9.404501539370114e-05,False,False,False,False,False,"(-inf, 0.305]"
hexc_00068,69,108581987,108578163,3824,108581987,False,False,True,True,False,False,False,False,True,True,True,True,primitive_full_verified,0.1469597990717331,0.1245862627972834,0.0043804824344325,0.017993053840017,-400.9453068567673,0.009502682738794,9.529928896705045e-06,0.0043804824344325,0.0,,0.0499059549846063,0.0499059549846063,True,True,True,pass,,False,False,True,True,False,True,explicit_non_surviving,pass,0.0,0.0,True,False,False,False,False,False,pass,negative,False,False,True,True,True,False,True,False,False,True,9.404501539370114e-05,9.404501539370114e-05,False,False,False,False,False,"(-inf, 0.305]"
hexc_00069,70,12847921,12847029,892,12847921,False,False,True,True,False,False,False,False,True,True,True,True,primitive_full_verified,0.0908608054490663,0.0711926004758948,0.0077829840818417,0.0118852208913297,-139.04176855224262,0.009502682738794,1.388664673334615e-05,0.0077829840818417,0.0,,0.0499059549846063,0.0499059549846063,True,True,True,pass,,False,False,True,True,False,True,explicit_non_surviving,pass,0.0,0.0,True,False,False,False,False,False,pass,negative,False,False,True,True,True,False,True,False,False,True,9.404501539370114e-05,9.404501539370114e-05,False,False,False,False,False,"(-inf, 0.305]"
hexc_00071,72,12843647,12843190,457,12843647,False,False,True,True,False,False,False,False,True,True,True,True,primitive_full_verified,0.0679786634633438,0.043641826458844,0.0081632419242064,0.0161735950802932,-113.26485440576494,0.009502682738794,5.250544445983735e-06,0.0081632419242064,0.0,,0.0499059549846063,0.0499059549846063,True,True,True,pass,,False,False,True,True,False,True,explicit_non_surviving,pass,0.0,0.0,True,False,False,False,False,False,pass,negative,False,False,True,True,True,False,True,False,False,True,9.404501539370114e-05,9.404501539370114e-05,False,False,False,False,False,"(-inf, 0.305]"
hexc_00072,73,40882169,40877269,4900,40882169,False,False,True,True,False,False,False,False,True,True,True,True,primitive_full_verified,0.1837301433813745,0.1708297585564211,0.0069729630121156,0.0059274218128377,-220.51959869872007,0.009502682738794,1.1667631609141457e-06,0.0069729630121156,0.0,,0.0499059549846063,0.0499059549846063,True,True,True,pass,,False,False,True,True,False,True,explicit_non_surviving,pass,0.0,0.0,True,False,False,False,False,False,pass,negative,False,False,True,True,True,False,True,False,False,True,9.404501539370114e-05,9.404501539370114e-05,False,False,False,False,False,"(-inf, 0.305]"
hexc_00074,75,113195507,113182659,12848,113195507,False,False,True,True,False,False,False,False,True,True,True,True,primitive_full_verified,0.2647255241959858,0.2536736118314834,0.0052963922956069,0.0057555200688954,-330.4150379443963,0.009502682738794,2.332413402897412e-05,0.0052963922956069,0.0002378661538515,,0.0499059549846063,0.0499059549846063,True,True,True,pass,,False,False,True,True,False,True,explicit_non_surviving,pass,0.0,0.0,True,False,False,False,False,False,pass,negative,False,False,True,True,True,False,True,False,False,True,9.404501539370114e-05,9.404501539370114e-05,False,False,False,False,False,"(-inf, 0.305]"
hexc_00076,77,39674417,39673239,1178,39674417,False,False,True,True,False,False,False,False,True,True,True,True,primitive_full_verified,0.0933658727593846,0.070227735125299,0.0048863359951688,0.0182518016389167,-198.21267981504025,0.009502682738794,5.322081452150449e-06,0.0048863359951688,0.0,,0.0499059549846063,0.0499059549846063,True,True,True,pass,,False,False,True,True,False,True,explicit_non_surviving,pass,0.0,0.0,True,False,False,False,False,False,pass,negative,False,False,True,True,True,False,True,False,False,True,9.404501539370114e-05,9.404501539370114e-05,False,False,False,False,False,"(-inf, 0.305]"
hexc_00077,78,3441797,3441229,568,3441797,False,False,True,True,False,False,False,False,True,True,True,True,primitive_full_verified,0.0865309897820664,0.0731587940029086,0.0054337359968187,0.007938459782339,-56.25170384278789,0.009502682738794,3.1472795727966374e-05,0.0054337359968187,0.0,,0.0499059549846063,0.0499059549846063,True,True,True,pass,,False,False,True,True,False,True,explicit_non_surviving,pass,0.0,0.0,True,False,False,False,False,False,pass,negative,False,False,True,True,True,False,True,False,False,True,9.404501539370114e-05,9.404501539370114e-05,False,False,False,False,False,"(-inf, 0.305]"
hexc_00078,79,109546081,109535495,10586,109546081,False,False,True,True,False,False,False,False,True,True,True,True,primitive_full_verified,0.2408302537232801,0.2292074218688508,0.0043289464415077,0.0072938854129215,-330.4584709322444,0.009502682738794,2.38672635804124e-05,0.0043289464415077,0.0,,0.0499059549846063,0.0499059549846063,True,True,True,pass,,False,False,True,True,False,True,explicit_non_surviving,pass,0.0,0.0,True,False,False,False,False,False,pass,negative,False,False,True,True,True,False,True,False,False,True,9.404501539370114e-05,9.404501539370114e-05,False,False,False,False,False,"(-inf, 0.305]"
hexc_00081,82,12782500,12782006,494,12782599,False,False,True,True,False,False,False,False,True,True,True,True,primitive_full_verified,0.0796044258439215,0.0544062230194822,0.0108684538700757,0.0143297489543634,-68.54730774172731,0.009502682738794,1.5194353427583178e-06,0.0108684538700757,0.0,,0.0499059549846063,0.0499059549846063,True,True,True,pass,,False,False,True,True,False,True,explicit_non_surviving,pass,0.0,0.0,True,False,False,False,False,False,pass,negative,False,False,True,True,True,False,True,False,False,True,9.404501539370114e-05,9.404501539370114e-05,False,False,False,False,False,"(-inf, 0.305]"
hexc_00086,87,109467389,109460158,7231,109467389,False,False,True,True,False,False,False,False,True,True,True,True,primitive_full_verified,0.2045445847739718,0.1910786963521397,0.0074324407919268,0.0060334476299052,-178.26963014023477,0.009502682738794,9.378560589377963e-06,0.0074324407919268,0.0,,0.0499059549846063,0.0499059549846063,True,True,True,pass,,False,False,True,True,False,True,explicit_non_surviving,pass,0.0,0.0,True,False,False,False,False,False,pass,negative,False,False,True,True,True,False,True,False,False,True,9.404501539370114e-05,9.404501539370114e-05,False,False,False,False,False,"(-inf, 0.305]"
hexc_00087,88,3290641,3290318,323,3290641,False,False,True,True,False,False,False,False,True,True,True,True,primitive_full_verified,0.0705553720204413,0.0540154242762154,0.0078480023338476,0.0086919454103782,-37.87575835699317,0.009502682738794,2.0566444958288984e-05,0.0078480023338476,0.0,,0.0499059549846063,0.0499059549846063,True,True,True,pass,,False,False,True,True,False,True,explicit_non_surviving,pass,0.0,0.0,True,False,False,False,False,False,pass,negative,False,False,True,True,True,False,True,False,False,True,9.404501539370114e-05,9.404501539370114e-05,False,False,False,False,False,"(-inf, 0.305]"
hexc_00089,90,179641471,179630689,10782,179641471,False,False,True,True,False,False,False,False,True,True,True,True,primitive_full_verified,0.2296201708973325,0.2161023309574808,0.0058305796296811,0.0076872603101705,-461.50121601656247,0.009502682738794,2.242474944524937e-06,0.0058305796296811,0.0,,0.0499059549846063,0.0499059549846063,True,True,True,pass,,False,False,True,True,False,True,explicit_non_surviving,pass,0.0,0.0,True,False,False,False,False,False,pass,negative,False,False,True,True,True,False,True,False,False,True,9.404501539370114e-05,9.404501539370114e-05,False,False,False,False,False,"(-inf, 0.305]"
hexc_00090,91,179602723,179595316,7407,179602723,False,False,True,True,False,False,False,False,True,True,True,True,primitive_full_verified,0.1917202756433797,0.1748153915205001,0.0055138368213938,0.0113910473014857,-450.7172966904154,0.009502682738794,1.644867257485821e-06,0.0055138368213938,0.0,,0.0499059549846063,0.0499059549846063,True,True,True,pass,,False,False,True,True,False,True,explicit_non_surviving,pass,0.0,0.0,True,False,False,False,False,False,pass,negative,False,False,True,True,True,False,True,False,False,True,9.404501539370114e-05,9.404501539370114e-05,False,False,False,False,False,"(-inf, 0.305]"
hexc_00094,95,178011341,178005997,5344,178011341,False,False,True,True,False,False,False,False,True,True,True,True,primitive_full_verified,0.1648839859416764,0.1470561101400873,0.0069070699511918,0.0109208058503972,-366.6962581891348,0.009502682738794,1.4118711991902996e-05,0.0069070699511918,0.0,,0.0499059549846063,0.0499059549846063,True,True,True,pass,,False,False,True,True,False,True,explicit_non_surviving,pass,0.0,0.0,True,False,False,False,False,False,pass,negative,False,False,True,True,True,False,True,False,False,True,9.404501539370114e-05,9.404501539370114e-05,False,False,False,False,False,"(-inf, 0.305]"
hexc_00095,96,3438637,3438262,375,3438637,False,False,True,True,False,False,False,False,True,True,True,True,primitive_full_verified,0.0753076301542394,0.0613047056138632,0.0091609752093495,0.0048419493310265,-28.83790962671685,0.009502682738794,4.454182436876886e-05,0.0091609752093495,0.0,,0.0499059549846063,0.0499059549846063,True,True,True,pass,,False,False,True,True,False,True,explicit_non_surviving,pass,0.0,0.0,True,False,False,False,False,False,pass,negative,False,False,True,True,True,False,True,False,False,True,9.404501539370114e-05,9.404501539370114e-05,False,False,False,False,False,"(-inf, 0.305]"
hexc_00096,97,30981239,30980149,1090,30981239,False,False,True,True,False,False,False,False,True,True,True,True,primitive_full_verified,0.0903727573504991,0.0702659379459539,0.0038095629268263,0.0162972564777187,-175.80966234322875,0.009502682738794,9.207141816658872e-06,0.0038095629268263,0.0,,0.0499059549846063,0.0499059549846063,True,True,True,pass,,False,False,True,True,False,True,explicit_non_surviving,pass,0.0,0.0,True,False,False,False,False,False,pass,negative,False,False,True,True,True,False,True,False,False,True,9.404501539370114e-05,9.404501539370114e-05,False,False,False,False,False,"(-inf, 0.305]"
hexc_00097,98,33843191,33842396,795,33843191,False,False,True,True,False,False,False,False,True,True,True,True,primitive_full_verified,0.0761893412087709,0.0523006045347718,0.004261589416467,0.0196271472575319,-188.19672853522707,0.009502682738794,3.623938820169168e-06,0.004261589416467,0.0,,0.0499059549846063,0.0499059549846063,True,True,True,pass,,False,False,True,True,False,True,explicit_non_surviving,pass,0.0,0.0,True,False,False,False,False,False,pass,negative,False,False,True,True,True,False,True,False,False,True,9.404501539370114e-05,9.404501539370114e-05,False,False,False,False,False,"(-inf, 0.305]"
hexc_00098,99,4991034,4990677,357,4991101,False,False,True,True,False,False,False,False,True,True,True,True,primitive_full_verified,0.076175182058325,0.0592385896584613,0.0071299286054191,0.0098066637944444,-17.691366021948568,0.009502682738794,3.721677642461008e-05,0.0071299286054191,0.0,,0.0499059549846063,0.0499059549846063,True,True,True,pass,,False,False,True,True,False,True,explicit_non_surviving,pass,0.0,0.0,True,False,False,False,False,False,pass,negative,False,False,True,True,True,False,True,False,False,True,9.404501539370114e-05,9.404501539370114e-05,False,False,False,False,False,"(-inf, 0.305]"
hexc_00101,102,33477793,33476547,1246,33477793,False,False,True,True,False,False,False,False,True,True,True,True,primitive_full_verified,0.096662723146914,0.0788530878574153,0.0059616473562023,0.0118479879332962,-154.43846648475437,0.009502682738794,7.88073837868504e-06,0.0059616473562023,0.0,,0.0499059549846063,0.0499059549846063,True,True,True,pass,,False,False,True,True,False,True,explicit_non_surviving,pass,0.0,0.0,True,False,False,False,False,False,pass,negative,False,False,True,True,True,False,True,False,False,True,9.404501539370114e-05,9.404501539370114e-05,False,False,False,False,False,"(-inf, 0.305]"
hexc_00102,103,33824779,33823778,1001,33824779,False,False,True,True,False,False,False,False,True,True,True,True,primitive_full_verified,0.0986530057695944,0.0823075164766412,0.0059703851044254,0.0103751041885277,-12.808745615198404,0.009502682738794,4.286950808150204e-06,0.0059703851044254,0.0,,0.0499059549846063,0.0499059549846063,True,True,True,pass,,False,False,True,True,False,True,explicit_non_surviving,pass,0.0,0.0,True,False,False,False,False,False,pass,negative,False,False,True,True,True,False,True,False,False,True,9.404501539370114e-05,9.404501539370114e-05,False,False,False,False,False,"(-inf, 0.305]"
hexc_00103,104,30358319,30357034,1285,30358319,False,False,True,True,False,False,False,False,True,True,True,True,primitive_full_verified,0.097634505621578,0.0804237049730352,0.0035506716837985,0.0136601289647441,-165.14358633355937,0.009502682738794,3.137256029257138e-06,0.0035506716837985,0.0,,0.0499059549846063,0.0499059549846063,True,True,True,pass,,False,False,True,True,False,True,explicit_non_surviving,pass,0.0,0.0,True,False,False,False,False,False,pass,negative,False,False,True,True,True,False,True,False,False,True,9.404501539370114e-05,9.404501539370114e-05,False,False,False,False,False,"(-inf, 0.305]"
hexc_00104,105,604432601,604410439,22162,604432601,True,True,False,False,False,False,False,False,True,True,True,True,primitive_full_verified,0.2914811871626422,0.2780296336118464,0.0048112529540787,0.0086403005967169,-688.5913402072983,0.009502682738794,3.7740295774919447e-06,0.0048112529540787,0.0,,0.0499059549846063,0.0499059549846063,True,True,True,pass,,False,False,True,True,False,True,explicit_non_surviving,pass,0.0,0.0,True,False,False,False,False,False,pass,negative,False,False,True,True,True,False,True,False,False,True,9.404501539370114e-05,9.404501539370114e-05,False,False,False,False,False,"(-inf, 0.305]"
hexc_00107,108,39634747,39633125,1622,39634747,False,False,True,True,False,False,False,False,True,True,True,True,primitive_full_verified,0.1078488246263689,0.0907597358435971,0.0056096653888982,0.0114794233938734,-169.89877765908955,0.009502682738794,2.1332056949472737e-05,0.0056096653888982,0.0,,0.0499059549846063,0.0499059549846063,True,True,True,pass,,False,False,True,True,False,True,explicit_non_surviving,pass,0.0,0.0,True,False,False,False,False,False,pass,negative,False,False,True,True,True,False,True,False,False,True,9.404501539370114e-05,9.404501539370114e-05,False,False,False,False,False,"(-inf, 0.305]"
hexc_00108,109,33492847,33491912,935,33492847,False,False,True,True,False,False,False,False,True,True,True,True,primitive_full_verified,0.0863386781827271,0.0658629327433626,0.0043309131910465,0.0161448322483178,-137.96589757999288,0.009502682738794,2.5504634745129083e-05,0.0043309131910465,0.0,,0.0499059549846063,0.0499059549846063,True,True,True,pass,,False,False,True,True,False,True,explicit_non_surviving,pass,0.0,0.0,True,False,False,False,False,False,pass,negative,False,False,True,True,True,False,True,False,False,True,9.404501539370114e-05,9.404501539370114e-05,False,False,False,False,False,"(-inf, 0.305]"
hexc_00109,110,39655321,39654336,985,39655321,False,False,True,True,False,False,False,False,True,True,True,True,primitive_full_verified,0.0882379519127139,0.068182796019551,0.0103891851313233,0.0096659707618394,-127.70959529037896,0.009502682738794,2.917404126848151e-06,0.0103891851313233,0.0,,0.0499059549846063,0.0499059549846063,True,True,True,pass,,False,False,True,True,False,True,explicit_non_surviving,pass,0.0,0.0,True,False,False,False,False,False,pass,negative,False,False,True,True,True,False,True,False,False,True,9.404501539370114e-05,9.404501539370114e-05,False,False,False,False,False,"(-inf, 0.305]"
hexc_00110,111,30780011,30777698,2313,30780011,False,False,True,True,False,False,False,False,True,True,True,True,primitive_full_verified,0.1309387070981607,0.1187096625628934,0.0072627341203376,0.0049663104149295,-140.46546636399898,0.009502682738794,1.4414142915593324e-06,0.0072627341203376,0.0,,0.0499059549846063,0.0499059549846063,True,True,True,pass,,False,False,True,True,False,True,explicit_non_surviving,pass,0.0,0.0,True,False,False,False,False,False,pass,negative,False,False,True,True,True,False,True,False,False,True,9.404501539370114e-05,9.404501539370114e-05,False,False,False,False,False,"(-inf, 0.305]"
hexc_00112,113,30784249,30783029,1220,30784249,False,False,True,True,False,False,False,False,True,True,True,True,primitive_full_verified,0.0966458075650577,0.0804801201663452,0.0083504817829622,0.0078152056157501,-133.72293008495535,0.009502682738794,1.3500067714446636e-05,0.0083504817829622,0.0,,0.0499059549846063,0.0499059549846063,True,True,True,pass,,False,False,True,True,False,True,explicit_non_surviving,pass,0.0,0.0,True,False,False,False,False,False,pass,negative,False,False,True,True,True,False,True,False,False,True,9.404501539370114e-05,9.404501539370114e-05,False,False,False,False,False,"(-inf, 0.305]"
hexc_00115,116,12830269,12829371,898,12830269,False,False,True,True,False,False,False,False,True,True,True,True,primitive_full_verified,0.0962426881171498,0.0830318255781195,0.0044981624772096,0.0087127000618206,-46.90137454561159,0.009502682738794,2.840144907433932e-05,0.0044981624772096,0.0,,0.0499059549846063,0.0499059549846063,True,True,True,pass,,False,False,True,True,False,True,explicit_non_surviving,pass,0.0,0.0,True,False,False,False,False,False,pass,negative,False,False,True,True,True,False,True,False,False,True,9.404501539370114e-05,9.404501539370114e-05,False,False,False,False,False,"(-inf, 0.305]"
hexc_00116,117,17992177,17991472,705,17992327,False,False,True,True,False,False,False,False,True,True,True,True,primitive_full_verified,0.0927710098591296,0.0751177449862599,0.0043468868821478,0.0133063779907217,-3.3720180676377822,0.009502682738794,4.952822511481373e-07,0.0043468868821478,0.0,,0.0499059549846063,0.0499059549846063,True,True,True,pass,,False,False,True,True,False,True,explicit_non_surviving,pass,0.0,0.0,True,False,False,False,False,False,pass,negative,False,False,True,True,True,False,True,False,False,True,9.404501539370114e-05,9.404501539370114e-05,False,False,False,False,False,"(-inf, 0.305]"
hexc_00117,118,179650181,179648340,1841,179650181,False,False,True,True,False,False,False,False,True,True,True,True,primitive_full_verified,0.0958698914280892,0.0700042897116968,0.0047737129410581,0.0210918887753342,-377.4982097341908,0.009502682738794,6.123919231402784e-06,0.0047737129410581,0.0,,0.0499059549846063,0.0499059549846063,True,True,True,pass,,False,False,True,True,False,True,explicit_non_surviving,pass,0.0,0.0,True,False,False,False,False,False,pass,negative,False,False,True,True,True,False,True,False,False,True,9.404501539370114e-05,9.404501539370114e-05,False,False,False,False,False,"(-inf, 0.305]"
hexc_00119,120,108561281,108557409,3872,108561281,False,False,True,True,False,False,False,False,True,True,True,True,primitive_full_verified,0.1470745643860575,0.1320368412344232,0.0051891364890148,0.0098485866626193,-263.9525918434665,0.009502682738794,1.955433177916768e-05,0.0051891364890148,0.0,,0.0499059549846063,0.0499059549846063,True,True,True,pass,,False,False,True,True,False,True,explicit_non_surviving,pass,0.0,0.0,True,False,False,False,False,False,pass,negative,False,False,True,True,True,False,True,False,False,True,9.404501539370114e-05,9.404501539370114e-05,False,False,False,False,False,"(-inf, 0.305]"
hexc_00120,121,108842081,108840439,1642,108842081,False,False,True,True,False,False,False,False,True,True,True,True,primitive_full_verified,0.0996639793175021,0.0783788743940216,0.0082387254087246,0.0130463795147557,-217.0841446013817,0.009502682738794,6.820374073524146e-06,0.0082387254087246,0.0,,0.0499059549846063,0.0499059549846063,True,True,True,pass,,False,False,True,True,False,True,explicit_non_surviving,pass,0.0,0.0,True,False,False,False,False,False,pass,negative,False,False,True,True,True,False,True,False,False,True,9.404501539370114e-05,9.404501539370114e-05,False,False,False,False,False,"(-inf, 0.305]"
hexc_00124,125,33827861,33826320,1541,33827861,False,False,True,True,False,False,False,False,True,True,True,True,primitive_full_verified,0.110098889929409,0.0951070884702718,0.0057695318036443,0.0092222696554927,-102.04793904212896,0.009502682738794,2.5514678095773115e-06,0.0057695318036443,0.0,,0.0499059549846063,0.0499059549846063,True,True,True,pass,,False,False,True,True,False,True,explicit_non_surviving,pass,0.0,0.0,True,False,False,False,False,False,pass,negative,False,False,True,True,True,False,True,False,False,True,9.404501539370114e-05,9.404501539370114e-05,False,False,False,False,False,"(-inf, 0.305]"
hexc_00127,128,187449539,187440181,9358,187449539,False,False,True,True,False,False,False,False,True,True,True,True,primitive_full_verified,0.2128199890626043,0.2011169548690546,0.0051155744267494,0.0065874597668001,-385.9233859879023,0.009502682738794,1.637768801596137e-05,0.0051155744267494,0.0002713345538969,,0.0499059549846063,0.0499059549846063,True,True,True,pass,,False,False,True,True,False,True,explicit_non_surviving,pass,0.0,0.0,True,False,False,False,False,False,pass,negative,False,False,True,True,True,False,True,False,False,True,9.404501539370114e-05,9.404501539370114e-05,False,False,False,False,False,"(-inf, 0.305]"
hexc_00128,129,40874291,40872504,1787,40874291,False,False,True,True,False,False,False,False,True,True,True,True,primitive_full_verified,0.1130432056909814,0.0985859298052889,0.0053009968762809,0.0091562790094115,-139.55697264443688,0.009502682738794,8.568865184281963e-06,0.0053009968762809,0.0,,0.0499059549846063,0.0499059549846063,True,True,True,pass,,False,False,True,True,False,True,explicit_non_surviving,pass,0.0,0.0,True,False,False,False,False,False,pass,negative,False,False,True,True,True,False,True,False,False,True,9.404501539370114e-05,9.404501539370114e-05,False,False,False,False,False,"(-inf, 0.305]"
hexc_00129,130,109678603,109674416,4187,109678603,False,False,True,True,False,False,False,False,True,True,True,True,primitive_full_verified,0.1528036364238857,0.139025752502687,0.0035003288755931,0.0102775550456054,-243.7212716620761,0.009502682738794,7.018822191512168e-06,0.0035003288755931,0.0,,0.0499059549846063,0.0499059549846063,True,True,True,pass,,False,False,True,True,False,True,explicit_non_surviving,pass,0.0,0.0,True,False,False,False,False,False,pass,negative,False,False,True,True,True,False,True,False,False,True,9.404501539370114e-05,9.404501539370114e-05,False,False,False,False,False,"(-inf, 0.305]"
hexc_00132,133,30343471,30342328,1143,30343471,False,False,True,True,False,False,False,False,True,True,True,True,primitive_full_verified,0.0943688419287908,0.077901608662357,0.0047078243264234,0.0117594089400103,-126.54371300174604,0.009502682738794,3.086420913428758e-05,0.0047078243264234,0.0,,0.0499059549846063,0.0499059549846063,True,True,True,pass,,False,False,True,True,False,True,explicit_non_surviving,pass,0.0,0.0,True,False,False,False,False,False,pass,negative,False,False,True,True,True,False,True,False,False,True,9.404501539370114e-05,9.404501539370114e-05,False,False,False,False,False,"(-inf, 0.305]"
hexc_00134,135,12831227,12830878,349,12831293,False,False,True,True,False,False,False,False,True,True,True,True,primitive_full_verified,0.0716348006649615,0.054340305264288,0.0030501315616617,0.0142443638390116,-5.285039920639065,0.009502682738794,1.829513884488871e-05,0.0030501315616617,0.0,,0.0499059549846063,0.0499059549846063,True,True,True,pass,,False,False,True,True,False,True,explicit_non_surviving,pass,0.0,0.0,True,False,False,False,False,False,pass,negative,False,False,True,True,True,False,True,False,False,True,9.404501539370114e-05,9.404501539370114e-05,False,False,False,False,False,"(-inf, 0.305]"
hexc_00138,139,109556411,109553597,2814,109556411,False,False,True,True,False,False,False,False,True,True,True,True,primitive_full_verified,0.13072783862462,0.1158702945195927,0.0080790635414207,0.0067784805636065,-129.7691972891198,0.009502682738794,2.416764595242026e-06,0.0080790635414207,0.0,,0.0499059549846063,0.0499059549846063,True,True,True,pass,,False,False,True,True,False,True,explicit_non_surviving,pass,0.0,0.0,True,False,False,False,False,False,pass,negative,False,False,True,True,True,False,True,False,False,True,9.404501539370114e-05,9.404501539370114e-05,False,False,False,False,False,"(-inf, 0.305]"
hexc_00149,150,108590687,108589025,1662,108590687,False,False,True,True,False,False,False,False,True,True,True,True,primitive_full_verified,0.0995905772584955,0.0815994829746902,0.006137821325365,0.0118532729584401,-181.7529341824936,0.009502682738794,8.12604595979825e-06,0.006137821325365,0.0,,0.0499059549846063,0.0499059549846063,True,True,True,pass,,False,False,True,True,False,True,explicit_non_surviving,pass,0.0,0.0,True,False,False,False,False,False,pass,negative,False,False,True,True,True,False,True,False,False,True,9.404501539370114e-05,9.404501539370114e-05,False,False,False,False,False,"(-inf, 0.305]"
hexc_00152,153,108849263,108847420,1843,108849263,False,False,True,True,False,False,False,False,True,True,True,True,primitive_full_verified,0.1012159404301471,0.0806224586721068,0.0041836326284956,0.0164098491295446,-288.5408809320145,0.009502682738794,4.456342330689378e-06,0.0041836326284956,0.0006293709991497,,0.0499059549846063,0.0499059549846063,True,True,True,pass,,False,False,True,True,False,True,explicit_non_surviving,pass,0.0,0.0,True,False,False,False,False,False,pass,negative,False,False,True,True,True,False,True,False,False,True,9.404501539370114e-05,9.404501539370114e-05,False,False,False,False,False,"(-inf, 0.305]"
hexc_00153,154,12801751,12800706,1045,12801751,False,False,True,True,False,False,False,False,True,True,True,True,primitive_full_verified,0.1004851300491716,0.0905182056127375,0.0050052374179884,0.0049616870184455,-46.73192403059045,0.009502682738794,2.234936725940791e-05,0.0050052374179884,0.0,,0.0499059549846063,0.0499059549846063,True,True,True,pass,,False,False,True,True,False,True,explicit_non_surviving,pass,0.0,0.0,True,False,False,False,False,False,pass,negative,False,False,True,True,True,False,True,False,False,True,9.404501539370114e-05,9.404501539370114e-05,False,False,False,False,False,"(-inf, 0.305]"
hexc_00154,155,109764139,109762638,1501,109764139,False,False,True,True,False,False,False,False,True,True,True,True,primitive_full_verified,0.0926824198591366,0.0701843166475464,0.0054369060202125,0.0170611971913775,-260.5729102754683,0.009502682738794,1.895806369383319e-05,0.0054369060202125,0.0,,0.0499059549846063,0.0499059549846063,True,True,True,pass,,False,False,True,True,False,True,explicit_non_surviving,pass,0.0,0.0,True,False,False,False,False,False,pass,negative,False,False,True,True,True,False,True,False,False,True,9.404501539370114e-05,9.404501539370114e-05,False,False,False,False,False,"(-inf, 0.305]"
hexc_00155,156,33871261,33870647,614,33871261,False,False,True,True,False,False,False,False,True,True,True,True,primitive_full_verified,0.0691402528338287,0.0505882267641985,0.0048358116328674,0.0137162144367627,-111.19601929144392,0.009502682738794,3.989633408682665e-06,0.0048358116328674,0.0,,0.0499059549846063,0.0499059549846063,True,True,True,pass,,False,False,True,True,False,True,explicit_non_surviving,pass,0.0,0.0,True,False,False,False,False,False,pass,negative,False,False,True,True,True,False,True,False,False,True,9.404501539370114e-05,9.404501539370114e-05,False,False,False,False,False,"(-inf, 0.305]"
hexc_00158,159,178905659,178902349,3310,178905659,False,False,True,True,False,False,False,False,True,True,True,True,primitive_full_verified,0.127736784305964,0.1108742011675251,0.0068125269739167,0.0100500561645221,-326.6294922581101,0.009502682738794,2.928253072113209e-06,0.0068125269739167,0.0,,0.0499059549846063,0.0499059549846063,True,True,True,pass,,False,False,True,True,False,True,explicit_non_surviving,pass,0.0,0.0,True,False,False,False,False,False,pass,negative,False,False,True,True,True,False,True,False,False,True,9.404501539370114e-05,9.404501539370114e-05,False,False,False,False,False,"(-inf, 0.305]"
hexc_00159,160,33870121,33869043,1078,33870121,False,False,True,True,False,False,False,False,True,True,True,True,primitive_full_verified,0.0914618710863124,0.0777008385778053,0.0048588717149927,0.0089021607935143,-89.73245844873679,0.009502682738794,3.735243231885095e-06,0.0048588717149927,0.0,,0.0499059549846063,0.0499059549846063,True,True,True,pass,,False,False,True,True,False,True,explicit_non_surviving,pass,0.0,0.0,True,False,False,False,False,False,pass,negative,False,False,True,True,True,False,True,False,False,True,9.404501539370114e-05,9.404501539370114e-05,False,False,False,False,False,"(-inf, 0.305]"
hexc_00160,161,108572459,108571084,1375,108572459,False,False,True,True,False,False,False,False,True,True,True,True,primitive_full_verified,0.0882403302666724,0.069555537464766,0.0024587559453669,0.0162260368565394,-209.315923583554,0.009502682738794,7.0666775429249885e-06,0.0024587559453669,0.0,,0.0499059549846063,0.0499059549846063,True,True,True,pass,,False,False,True,True,False,True,explicit_non_surviving,pass,0.0,0.0,True,False,False,False,False,False,pass,negative,False,False,True,True,True,False,True,False,False,True,9.404501539370114e-05,9.404501539370114e-05,False,False,False,False,False,"(-inf, 0.305]"
hexc_00162,163,109511267,109509400,1867,109511267,False,False,True,True,False,False,False,False,True,True,True,True,primitive_full_verified,0.1088223400603969,0.0941231697498315,0.0057324423742787,0.0089667279362865,-89.89320921839476,0.009502682738794,5.361016582059557e-06,0.0057324423742787,0.0,,0.0499059549846063,0.0499059549846063,True,True,True,pass,,False,False,True,True,False,True,explicit_non_surviving,pass,0.0,0.0,True,False,False,False,False,False,pass,negative,False,False,True,True,True,False,True,False,False,True,9.404501539370114e-05,9.404501539370114e-05,False,False,False,False,False,"(-inf, 0.305]"
hexc_00163,164,39637237,39636755,482,39637237,False,False,True,True,False,False,False,False,True,True,True,True,primitive_full_verified,0.0651451540987114,0.0477429272116286,0.0081526776783095,0.0092495492087732,-62.1134514057519,0.009502682738794,5.0921705059012925e-05,0.0081526776783095,0.0,,0.0499059549846063,0.0499059549846063,True,True,True,pass,,False,False,True,True,False,True,explicit_non_surviving,pass,0.0,0.0,True,False,False,False,False,False,pass,negative,False,False,True,True,True,False,True,False,False,True,9.404501539370114e-05,9.404501539370114e-05,False,False,False,False,False,"(-inf, 0.305]"
hexc_00164,165,40844717,40842945,1772,40844717,False,False,True,True,False,False,False,False,True,True,True,True,primitive_full_verified,0.1129806929343217,0.1006122437916457,0.0071650986788164,0.0052033504638595,-107.09979019561752,0.009502682738794,2.030838845696512e-05,0.0071650986788164,0.0,,0.0499059549846063,0.0499059549846063,True,True,True,pass,,False,False,True,True,False,True,explicit_non_surviving,pass,0.0,0.0,True,False,False,False,False,False,pass,negative,False,False,True,True,True,False,True,False,False,True,9.404501539370114e-05,9.404501539370114e-05,False,False,False,False,False,"(-inf, 0.305]"
hexc_00165,166,30799294,30798784,510,30799397,False,False,True,True,False,False,False,False,True,True,True,True,primitive_full_verified,0.0722199673831855,0.05632146779202,0.0036411696989401,0.0122573298922252,-27.196169889806526,0.009502682738794,8.568146660246776e-06,0.0036411696989401,0.0,,0.0499059549846063,0.0499059549846063,True,True,True,pass,,False,False,True,True,False,True,explicit_non_surviving,pass,0.0,0.0,True,False,False,False,False,False,pass,negative,False,False,True,True,True,False,True,False,False,True,9.404501539370114e-05,9.404501539370114e-05,False,False,False,False,False,"(-inf, 0.305]"
hexc_00166,167,109682107,109679748,2359,109682107,False,False,True,True,False,False,False,False,True,True,True,True,primitive_full_verified,0.1167362250522532,0.1021088236250638,0.0080947911380502,0.0065326102891391,-174.45589668660523,0.009502682738794,2.09521036526412e-05,0.0080947911380502,0.0,,0.0499059549846063,0.0499059549846063,True,True,True,pass,,False,False,True,True,False,True,explicit_non_surviving,pass,0.0,0.0,True,False,False,False,False,False,pass,negative,False,False,True,True,True,False,True,False,False,True,9.404501539370114e-05,9.404501539370114e-05,False,False,False,False,False,"(-inf, 0.305]"
hexc_00170,171,33862193,33861455,738,33862193,False,False,True,True,False,False,False,False,True,True,True,True,primitive_full_verified,0.0736278072537615,0.0578703613322382,0.0033281269586732,0.0124293189628499,-113.83924430671334,0.009502682738794,1.3893474512223828e-05,0.0033281269586732,0.0,,0.0499059549846063,0.0499059549846063,True,True,True,pass,,False,False,True,True,False,True,explicit_non_surviving,pass,0.0,0.0,True,False,False,False,False,False,pass,negative,False,False,True,True,True,False,True,False,False,True,9.404501539370114e-05,9.404501539370114e-05,False,False,False,False,False,"(-inf, 0.305]"
hexc_00173,174,30825511,30824836,675,30825511,False,False,True,True,False,False,False,False,True,True,True,True,primitive_full_verified,0.0784523836661713,0.0646289466049177,0.0110815667281192,0.0027418703331342,-36.97787149460965,0.009502682738794,2.57279044039409e-05,0.0110815667281192,0.0,,0.0499059549846063,0.0499059549846063,True,True,True,pass,,False,False,True,True,False,True,explicit_non_surviving,pass,0.0,0.0,True,False,False,False,False,False,pass,negative,False,False,True,True,True,False,True,False,False,True,9.404501539370114e-05,9.404501539370114e-05,False,False,False,False,False,"(-inf, 0.305]"
hexc_00175,176,30359687,30358683,1004,30359687,False,False,True,True,False,False,False,False,True,True,True,True,primitive_full_verified,0.0892723594368366,0.0733236285375701,0.0091440118637463,0.0068047190355201,-108.11236392766864,0.009502682738794,3.636957788863095e-05,0.0091440118637463,0.0,,0.0499059549846063,0.0499059549846063,True,True,True,pass,,False,False,True,True,False,True,explicit_non_surviving,pass,0.0,0.0,True,False,False,False,False,False,pass,negative,False,False,True,True,True,False,True,False,False,True,9.404501539370114e-05,9.404501539370114e-05,False,False,False,False,False,"(-inf, 0.305]"
hexc_00176,177,110319577,110315160,4417,110319577,False,False,True,True,False,False,False,False,True,True,True,True,primitive_full_verified,0.1561570928801292,0.143809262978564,0.0049735266541079,0.0073743032474572,-231.7350443422174,0.009502682738794,2.0401008663446748e-06,0.0049735266541079,0.0,,0.0499059549846063,0.0499059549846063,True,True,True,pass,,False,False,True,True,False,True,explicit_non_surviving,pass,0.0,0.0,True,False,False,False,False,False,pass,negative,False,False,True,True,True,False,True,False,False,True,9.404501539370114e-05,9.404501539370114e-05,False,False,False,False,False,"(-inf, 0.305]"
hexc_00177,178,109496207,109495510,697,109496207,False,False,True,True,False,False,False,False,True,True,True,True,primitive_full_verified,0.0652388028843534,0.0414575164409133,0.003842439627185,0.019938846816255,-178.6808742050422,0.009502682738794,1.3221779847349287e-05,0.003842439627185,0.0,,0.0499059549846063,0.0499059549846063,True,True,True,pass,,False,False,True,True,False,True,explicit_non_surviving,pass,0.0,0.0,True,False,False,False,False,False,pass,negative,False,False,True,True,True,False,True,False,False,True,9.404501539370114e-05,9.404501539370114e-05,False,False,False,False,False,"(-inf, 0.305]"
hexc_00180,181,180635669,180633960,1709,180635669,False,False,True,True,False,False,False,False,True,True,True,True,primitive_full_verified,0.0931836500249432,0.073195493426418,0.0083508383322143,0.0116373182663108,-264.0889231567578,0.009502682738794,1.6016669496792017e-05,0.0083508383322143,0.0,,0.0499059549846063,0.0499059549846063,True,True,True,pass,,False,False,True,True,False,True,explicit_non_surviving,pass,0.0,0.0,True,False,False,False,False,False,pass,negative,False,False,True,True,True,False,True,False,False,True,9.404501539370114e-05,9.404501539370114e-05,False,False,False,False,False,"(-inf, 0.305]"
hexc_00182,183,109726069,109724532,1537,109726069,False,False,True,True,False,False,False,False,True,True,True,True,primitive_full_verified,0.0924099628241718,0.0757131542144072,0.0053973574784846,0.0112994511312799,-204.0286805520348,0.009502682738794,8.6905554965649e-06,0.0053973574784846,0.0,,0.0499059549846063,0.0499059549846063,True,True,True,pass,,False,False,True,True,False,True,explicit_non_surviving,pass,0.0,0.0,True,False,False,False,False,False,pass,negative,False,False,True,True,True,False,True,False,False,True,9.404501539370114e-05,9.404501539370114e-05,False,False,False,False,False,"(-inf, 0.305]"
hexc_00183,184,604356173,604335487,20686,604356173,True,True,False,False,False,False,False,False,True,True,True,True,primitive_full_verified,0.2819169646022565,0.273340851201797,0.0052977977633042,0.0032783156371552,-365.2446493016978,0.009502682738794,4.721782960769619e-06,0.0052977977633042,0.0,,0.0499059549846063,0.0499059549846063,True,True,True,pass,,False,False,True,True,False,True,explicit_non_surviving,pass,0.0,0.0,True,False,False,False,False,False,pass,negative,False,False,True,True,True,False,True,False,False,True,9.404501539370114e-05,9.404501539370114e-05,False,False,False,False,False,"(-inf, 0.305]"
hexc_00184,185,187500319,187498570,1749,187500319,False,False,True,True,False,False,False,False,True,True,True,True,primitive_full_verified,0.09346455550884,0.0742328278540055,0.0050027230018491,0.0142290046529853,-263.1556726067745,0.009502682738794,1.4703278628237078e-05,0.0050027230018491,0.0,,0.0499059549846063,0.0499059549846063,True,True,True,pass,,False,False,True,True,False,True,explicit_non_surviving,pass,0.0,0.0,True,False,False,False,False,False,pass,negative,False,False,True,True,True,False,True,False,False,True,9.404501539370114e-05,9.404501539370114e-05,False,False,False,False,False,"(-inf, 0.305]"
hexc_00187,188,31027859,31027175,684,31027859,False,False,True,True,False,False,False,False,True,True,True,True,primitive_full_verified,0.072244005949339,0.0572990909146683,0.003662831067288,0.0112820839673825,-97.48691281590504,0.009502682738794,7.815687951041143e-06,0.003662831067288,0.0,,0.0499059549846063,0.0499059549846063,True,True,True,pass,,False,False,True,True,False,True,explicit_non_surviving,pass,0.0,0.0,True,False,False,False,False,False,pass,negative,False,False,True,True,True,False,True,False,False,True,9.404501539370114e-05,9.404501539370114e-05,False,False,False,False,False,"(-inf, 0.305]"
hexc_00190,191,109772783,109770459,2324,109772783,False,False,True,True,False,False,False,False,True,True,True,True,primitive_full_verified,0.1148387219870256,0.1022154880101353,0.0054696825559333,0.0071535514209569,-157.8722686231877,0.009502682738794,5.443324539612759e-06,0.0054696825559333,0.0,,0.0499059549846063,0.0499059549846063,True,True,True,pass,,False,False,True,True,False,True,explicit_non_surviving,pass,0.0,0.0,True,False,False,False,False,False,pass,negative,False,False,True,True,True,False,True,False,False,True,9.404501539370114e-05,9.404501539370114e-05,False,False,False,False,False,"(-inf, 0.305]"
hexc_00194,195,33865589,33865210,379,33865589,False,False,True,True,False,False,False,False,True,True,True,True,primitive_full_verified,0.057783925386995,0.0400034137475729,0.005601889555006,0.0121786220844159,-66.91772891101186,0.009502682738794,2.975475903765049e-05,0.005601889555006,0.0,,0.0499059549846063,0.0499059549846063,True,True,True,pass,,False,False,True,True,False,True,explicit_non_surviving,pass,0.0,0.0,True,False,False,False,False,False,pass,negative,False,False,True,True,True,False,True,False,False,True,9.404501539370114e-05,9.404501539370114e-05,False,False,False,False,False,"(-inf, 0.305]"
hexc_00195,196,39648137,39647291,846,39648137,False,False,True,True,False,False,False,False,True,True,True,True,primitive_full_verified,0.0817237377621316,0.0689152235942374,0.0056067813907826,0.0072017327771115,-58.70055013602325,0.009502682738794,9.886380446966463e-06,0.0056067813907826,0.0,,0.0499059549846063,0.0499059549846063,True,True,True,pass,,False,False,True,True,False,True,explicit_non_surviving,pass,0.0,0.0,True,False,False,False,False,False,pass,negative,False,False,True,True,True,False,True,False,False,True,9.404501539370114e-05,9.404501539370114e-05,False,False,False,False,False,"(-inf, 0.305]"
hexc_00205,206,180640297,180639336,961,180640297,False,False,True,True,False,False,False,False,True,True,True,True,primitive_full_verified,0.0697019970406704,0.0468441253110418,0.0037910451931427,0.0190668265364857,-238.54340509111228,0.009502682738794,5.927138887975099e-07,0.0037910451931427,0.0,,0.0499059549846063,0.0499059549846063,True,True,True,pass,,False,False,True,True,False,True,explicit_non_surviving,pass,0.0,0.0,True,False,False,False,False,False,pass,negative,False,False,True,True,True,False,True,False,False,True,9.404501539370114e-05,9.404501539370114e-05,False,False,False,False,False,"(-inf, 0.305]"
hexc_00207,208,604822567,604819805,2762,604822567,True,True,False,False,False,False,False,False,True,True,True,True,primitive_full_verified,0.1030306737173388,0.0808644451752684,0.0057553685344391,0.0164108600076312,-456.8694624263994,0.009502682738794,3.371390727532255e-06,0.0057553685344391,0.0,,0.0499059549846063,0.0499059549846063,True,True,True,pass,,False,False,True,True,False,True,explicit_non_surviving,pass,0.0,0.0,True,False,False,False,False,False,pass,negative,False,False,True,True,True,False,True,False,False,True,9.404501539370114e-05,9.404501539370114e-05,False,False,False,False,False,"(-inf, 0.305]"
hexc_00214,215,604883911,604879711,4200,604883911,True,True,False,False,False,False,False,False,True,True,True,True,primitive_full_verified,0.1286153186276067,0.1101473269558678,0.0050950061723419,0.0133729854993968,-418.75836712238106,0.009502682738794,7.765564117395916e-06,0.0050950061723419,0.0,,0.0499059549846063,0.0499059549846063,True,True,True,pass,,False,False,True,True,False,True,explicit_non_surviving,pass,0.0,0.0,True,False,False,False,False,False,pass,negative,False,False,True,True,True,False,True,False,False,True,9.404501539370114e-05,9.404501539370114e-05,False,False,False,False,False,"(-inf, 0.305]"
hexc_00218,219,604167899,604161649,6250,604167899,True,True,False,False,False,False,False,False,True,True,True,True,primitive_full_verified,0.1550942530280692,0.1417010086026295,0.0050566548961573,0.0083365895292823,-386.3863224858651,0.009502682738794,1.127544293247988e-05,0.0050566548961573,0.0,,0.0499059549846063,0.0499059549846063,True,True,True,pass,,False,False,True,True,False,True,explicit_non_surviving,pass,0.0,0.0,True,False,False,False,False,False,pass,negative,False,False,True,True,True,False,True,False,False,True,9.404501539370114e-05,9.404501539370114e-05,False,False,False,False,False,"(-inf, 0.305]"
hexc_00222,223,604848841,604844050,4791,604848841,True,True,False,False,False,False,False,False,True,True,True,True,primitive_full_verified,0.1356230693499753,0.1209887029426208,0.0069214615088821,0.0077129048984723,-382.9342517927116,0.009502682738794,4.396106055732498e-06,0.0069214615088821,0.0,,0.0499059549846063,0.0499059549846063,True,True,True,pass,,False,False,True,True,False,True,explicit_non_surviving,pass,0.0,0.0,True,False,False,False,False,False,pass,negative,False,False,True,True,True,False,True,False,False,True,9.404501539370114e-05,9.404501539370114e-05,False,False,False,False,False,"(-inf, 0.305]"
hexc_00227,228,604708931,604704593,4338,604708931,True,True,False,False,False,False,False,False,True,True,True,True,primitive_full_verified,0.1280136512189761,0.111835079555793,0.0051487807720973,0.0110297908910857,-435.4909596411353,0.009502682738794,1.4339665377152586e-05,0.0051487807720973,0.0,,0.0499059549846063,0.0499059549846063,True,True,True,pass,,False,False,True,True,False,True,explicit_non_surviving,pass,0.0,0.0,True,False,False,False,False,False,pass,negative,False,False,True,True,True,False,True,False,False,True,9.404501539370114e-05,9.404501539370114e-05,False,False,False,False,False,"(-inf, 0.305]"
hexc_00232,233,108545317,108544444,873,108545317,False,False,True,True,False,False,False,False,True,True,True,True,primitive_full_verified,0.072593883103974,0.0554108042573524,0.0084071568650214,0.0087759219816,-132.8930425093655,0.009502682738794,5.27212443704544e-07,0.0084071568650214,0.0,,0.0499059549846063,0.0499059549846063,True,True,True,pass,,False,False,True,True,False,True,explicit_non_surviving,pass,0.0,0.0,True,False,False,False,False,False,pass,negative,False,False,True,True,True,False,True,False,False,True,9.404501539370114e-05,9.404501539370114e-05,False,False,False,False,False,"(-inf, 0.305]"
hexc_00234,235,12805417,12804850,567,12805417,False,False,True,True,False,False,False,False,True,True,True,True,primitive_full_verified,0.0752600730877132,0.066415879984152,0.0051852383941086,0.0036589547094525,-26.94325242094044,0.009502682738794,4.77142519060044e-06,0.0051852383941086,0.0,,0.0499059549846063,0.0499059549846063,True,True,True,pass,,False,False,True,True,False,True,explicit_non_surviving,pass,0.0,0.0,True,False,False,False,False,False,pass,negative,False,False,True,True,True,False,True,False,False,True,9.404501539370114e-05,9.404501539370114e-05,False,False,False,False,False,"(-inf, 0.305]"
hexc_00237,238,109610882,109610360,522,109610987,False,False,True,True,False,False,False,False,True,True,True,True,primitive_full_verified,0.0613897943072523,0.0430469387390257,0.0082632311922063,0.0100796243760201,-77.7013201168142,0.009502682738794,7.096711521403412e-06,0.0082632311922063,0.0,,0.0499059549846063,0.0499059549846063,True,True,True,pass,,False,False,True,True,False,True,explicit_non_surviving,pass,0.0,0.0,True,False,False,False,False,False,pass,negative,False,False,True,True,True,False,True,False,False,True,9.404501539370114e-05,9.404501539370114e-05,False,False,False,False,False,"(-inf, 0.305]"
hexc_00257,258,179145961,179143998,1963,179145961,False,False,True,True,False,False,False,False,True,True,True,True,primitive_full_verified,0.0992292790633997,0.0876282709656389,0.0064071073075682,0.0051939007901924,-157.64794417599842,0.009502682738794,5.665889496923745e-06,0.0064071073075682,0.0,,0.0499059549846063,0.0499059549846063,True,True,True,pass,,False,False,True,True,False,True,explicit_non_surviving,pass,0.0,0.0,True,False,False,False,False,False,pass,negative,False,False,True,True,True,False,True,False,False,True,9.404501539370114e-05,9.404501539370114e-05,False,False,False,False,False,"(-inf, 0.305]"
hexc_00267,268,30796769,30796057,712,30796769,False,False,True,True,False,False,False,False,True,True,True,True,primitive_full_verified,0.0776137683916326,0.0685109275461097,0.0048481858744813,0.0042546549710414,-22.283667759237915,0.009502682738794,8.224000846083137e-06,0.0048481858744813,0.0,,0.0499059549846063,0.0499059549846063,True,True,True,pass,,False,False,True,True,False,True,explicit_non_surviving,pass,0.0,0.0,True,False,False,False,False,False,pass,negative,False,False,True,True,True,False,True,False,False,True,9.404501539370114e-05,9.404501539370114e-05,False,False,False,False,False,"(-inf, 0.305]"
hexc_00268,269,178899467,178898710,757,178899467,False,False,True,True,False,False,False,False,True,True,True,True,primitive_full_verified,0.0645219433395106,0.0474762557332885,0.003270137559218,0.0137755500470039,-129.92303273409152,0.009502682738794,8.583576007217598e-06,0.003270137559218,0.0,,0.0499059549846063,0.0499059549846063,True,True,True,pass,,False,False,True,True,False,True,explicit_non_surviving,pass,0.0,0.0,True,False,False,False,False,False,pass,negative,False,False,True,True,True,False,True,False,False,True,9.404501539370114e-05,9.404501539370114e-05,False,False,False,False,False,"(-inf, 0.305]"
hexc_00270,271,187425023,187423758,1265,187425023,False,False,True,True,False,False,False,False,True,True,True,True,primitive_full_verified,0.0855229588678136,0.0728488403777864,0.0080795888060062,0.0045945296840208,-64.92019598792695,0.009502682738794,3.0673825083721483e-06,0.0080795888060062,0.0,,0.0499059549846063,0.0499059549846063,True,True,True,pass,,False,False,True,True,False,True,explicit_non_surviving,pass,0.0,0.0,True,False,False,False,False,False,pass,negative,False,False,True,True,True,False,True,False,False,True,9.404501539370114e-05,9.404501539370114e-05,False,False,False,False,False,"(-inf, 0.305]"
hexc_00273,274,109547591,109546815,776,109547591,False,False,True,True,False,False,False,False,True,True,True,True,primitive_full_verified,0.0689354203592449,0.0531078472806105,0.0068967990800009,0.0089307739986334,-109.57283284869368,0.009502682738794,1.7372385920153675e-05,0.0068967990800009,0.0,,0.0499059549846063,0.0499059549846063,True,True,True,pass,,False,False,True,True,False,True,explicit_non_surviving,pass,0.0,0.0,True,False,False,False,False,False,pass,negative,False,False,True,True,True,False,True,False,False,True,9.404501539370114e-05,9.404501539370114e-05,False,False,False,False,False,"(-inf, 0.305]"
hexc_00274,275,109494199,109492961,1238,109494199,False,False,True,True,False,False,False,False,True,True,True,True,primitive_full_verified,0.0837417020986148,0.0725940084781449,0.0052280124558904,0.0059196811645793,-108.80604725032116,0.009502682738794,7.100281294989071e-06,0.0052280124558904,0.0,,0.0499059549846063,0.0499059549846063,True,True,True,pass,,False,False,True,True,False,True,explicit_non_surviving,pass,0.0,0.0,True,False,False,False,False,False,pass,negative,False,False,True,True,True,False,True,False,False,True,9.404501539370114e-05,9.404501539370114e-05,False,False,False,False,False,"(-inf, 0.305]"
hexc_00275,276,108562160,108561847,313,108562291,False,False,True,True,False,False,False,False,True,True,True,True,primitive_full_verified,0.0551202378966553,0.0382936799710714,0.0091059828634137,0.0077205750621701,-16.954684245508304,0.009502682738794,1.873009866026717e-05,0.0091059828634137,0.0,,0.0499059549846063,0.0499059549846063,True,True,True,pass,,False,False,True,True,False,True,explicit_non_surviving,pass,0.0,0.0,True,False,False,False,False,False,pass,negative,False,False,True,True,True,False,True,False,False,True,9.404501539370114e-05,9.404501539370114e-05,False,False,False,False,False,"(-inf, 0.305]"
hexc_00278,279,40863643,40862800,843,40863643,False,False,True,True,False,False,False,False,True,True,True,True,primitive_full_verified,0.0829200752976066,0.0749037015573616,0.0054947698464153,0.0025216038938296,-1.7644553033559305,0.009502682738794,6.9838938374701776e-06,0.0054947698464153,0.0,,0.0499059549846063,0.0499059549846063,True,True,True,pass,,False,False,True,True,False,True,explicit_non_surviving,pass,0.0,0.0,True,False,False,False,False,False,pass,negative,False,False,True,True,True,False,True,False,False,True,9.404501539370114e-05,9.404501539370114e-05,False,False,False,False,False,"(-inf, 0.305]"
hexc_00284,285,187503637,187502433,1204,187503637,False,False,True,True,False,False,False,False,True,True,True,True,primitive_full_verified,0.0793621467961531,0.0665835810014716,0.0052601195003006,0.0075184462943807,-118.1895832631717,0.009502682738794,7.397865342788565e-06,0.0052601195003006,0.0,,0.0499059549846063,0.0499059549846063,True,True,True,pass,,False,False,True,True,False,True,explicit_non_surviving,pass,0.0,0.0,True,False,False,False,False,False,pass,negative,False,False,True,True,True,False,True,False,False,True,9.404501539370114e-05,9.404501539370114e-05,False,False,False,False,False,"(-inf, 0.305]"
hexc_00292,293,179406523,179405418,1105,179406523,False,False,True,True,False,False,False,False,True,True,True,True,primitive_full_verified,0.0771394318911972,0.0649638467600302,0.0039139147599851,0.0082616703711818,-97.72642586632604,0.009502682738794,8.247864619239448e-06,0.0039139147599851,0.0,,0.0499059549846063,0.0499059549846063,True,True,True,pass,,False,False,True,True,False,True,explicit_non_surviving,pass,0.0,0.0,True,False,False,False,False,False,pass,negative,False,False,True,True,True,False,True,False,False,True,9.404501539370114e-05,9.404501539370114e-05,False,False,False,False,False,"(-inf, 0.305]"
hexc_00296,297,604724143,604718720,5423,604724143,True,True,False,False,False,False,False,False,True,True,True,True,primitive_full_verified,0.1444593757832343,0.1335727555775139,0.0050062983240905,0.0058803218816298,-287.04929571977755,0.009502682738794,9.285062103423226e-06,0.0050062983240905,0.0,,0.0499059549846063,0.0499059549846063,True,True,True,pass,,False,False,True,True,False,True,explicit_non_surviving,pass,0.0,0.0,True,False,False,False,False,False,pass,negative,False,False,True,True,True,False,True,False,False,True,9.404501539370114e-05,9.404501539370114e-05,False,False,False,False,False,"(-inf, 0.305]"
hexc_00298,299,39651863,39651244,619,39651863,False,False,True,True,False,False,False,False,True,True,True,True,primitive_full_verified,0.0700647985436921,0.0614073830493204,0.0057408280408995,0.0029165874534721,-24.148225995829307,0.009502682738794,6.389365516301006e-07,0.0057408280408995,0.0,,0.0499059549846063,0.0499059549846063,True,True,True,pass,,False,False,True,True,False,True,explicit_non_surviving,pass,0.0,0.0,True,False,False,False,False,False,pass,negative,False,False,True,True,True,False,True,False,False,True,9.404501539370114e-05,9.404501539370114e-05,False,False,False,False,False,"(-inf, 0.305]"
hexc_00300,301,604360789,604358714,2075,604360789,True,True,False,False,False,False,False,False,True,True,True,True,primitive_full_verified,0.0905498237696835,0.0759245923608201,0.0040411722714955,0.0105840591373678,-235.00910780034724,0.009502682738794,1.3688004965427676e-05,0.0040411722714955,0.0,,0.0499059549846063,0.0499059549846063,True,True,True,pass,,False,False,True,True,False,True,explicit_non_surviving,pass,0.0,0.0,True,False,False,False,False,False,pass,negative,False,False,True,True,True,False,True,False,False,True,9.404501539370114e-05,9.404501539370114e-05,False,False,False,False,False,"(-inf, 0.305]"
hexc_00303,304,604870961,604869251,1710,604870961,True,True,False,False,False,False,False,False,True,True,True,True,primitive_full_verified,0.084228112951883,0.0689304006027278,0.0064493327137434,0.0088483796354117,-193.460685806944,0.009502682738794,8.900752015131828e-06,0.0064493327137434,0.0,,0.0499059549846063,0.0499059549846063,True,True,True,pass,,False,False,True,True,False,True,explicit_non_surviving,pass,0.0,0.0,True,False,False,False,False,False,pass,negative,False,False,True,True,True,False,True,False,False,True,9.404501539370114e-05,9.404501539370114e-05,False,False,False,False,False,"(-inf, 0.305]"
hexc_00308,309,108834839,108833866,973,108834839,False,False,True,True,False,False,False,False,True,True,True,True,primitive_full_verified,0.0759633517847871,0.0644369918839945,0.0033723912730158,0.0081539686277766,-84.74379677806667,0.009502682738794,5.61891485179793e-06,0.0033723912730158,0.0,,0.0499059549846063,0.0499059549846063,True,True,True,pass,,False,False,True,True,False,True,explicit_non_surviving,pass,0.0,0.0,True,False,False,False,False,False,pass,negative,False,False,True,True,True,False,True,False,False,True,9.404501539370114e-05,9.404501539370114e-05,False,False,False,False,False,"(-inf, 0.305]"
hexc_00315,316,604434563,604433380,1183,604434563,True,True,False,False,False,False,False,False,True,True,True,True,primitive_full_verified,0.0706267903397897,0.0517403185429252,0.0036185414675334,0.0152679303293309,-212.4494583474634,0.009502682738794,4.365357460100359e-06,0.0036185414675334,0.0,,0.0499059549846063,0.0499059549846063,True,True,True,pass,,False,False,True,True,False,True,explicit_non_surviving,pass,0.0,0.0,True,False,False,False,False,False,pass,negative,False,False,True,True,True,False,True,False,False,True,9.404501539370114e-05,9.404501539370114e-05,False,False,False,False,False,"(-inf, 0.305]"
hexc_00319,320,604702619,604700469,2150,604702619,True,True,False,False,False,False,False,False,True,True,True,True,primitive_full_verified,0.0924905344982734,0.076968173203785,0.0032712471962181,0.0122511140982701,-249.2969172381811,0.009502682738794,9.325226762987028e-07,0.0032712471962181,0.0,,0.0499059549846063,0.0499059549846063,True,True,True,pass,,False,False,True,True,False,True,explicit_non_surviving,pass,0.0,0.0,True,False,False,False,False,False,pass,negative,False,False,True,True,True,False,True,False,False,True,9.404501539370114e-05,9.404501539370114e-05,False,False,False,False,False,"(-inf, 0.305]"
hexc_00329,330,187419913,187418830,1083,187419913,False,False,True,True,False,False,False,False,True,True,True,True,primitive_full_verified,0.0766870226372487,0.0659092077597731,0.0044724201538576,0.006305394723618,-73.41046525155639,0.009502682738794,3.0863716343563046e-05,0.0044724201538576,0.0,,0.0499059549846063,0.0499059549846063,True,True,True,pass,,False,False,True,True,False,True,explicit_non_surviving,pass,0.0,0.0,True,False,False,False,False,False,pass,negative,False,False,True,True,True,False,True,False,False,True,9.404501539370114e-05,9.404501539370114e-05,False,False,False,False,False,"(-inf, 0.305]"
hexc_00334,335,604685377,604682818,2559,604685377,True,True,False,False,False,False,False,False,True,True,True,True,primitive_full_verified,0.103142612325526,0.0919002176538831,0.0052564239415806,0.0059859707300621,-132.574005324258,0.009502682738794,5.620999964960583e-07,0.0052564239415806,0.0,,0.0499059549846063,0.0499059549846063,True,True,True,pass,,False,False,True,True,False,True,explicit_non_surviving,pass,0.0,0.0,True,False,False,False,False,False,pass,negative,False,False,True,True,True,False,True,False,False,True,9.404501539370114e-05,9.404501539370114e-05,False,False,False,False,False,"(-inf, 0.305]"
hexc_00337,338,108591737,108591025,712,108591737,False,False,True,True,False,False,False,False,True,True,True,True,primitive_full_verified,0.0670776998596762,0.0568920636044594,0.0047116498114509,0.0054739864437658,-45.88831219329336,0.009502682738794,7.509814589395526e-06,0.0047116498114509,0.0,,0.0499059549846063,0.0499059549846063,True,True,True,pass,,False,False,True,True,False,True,explicit_non_surviving,pass,0.0,0.0,True,False,False,False,False,False,pass,negative,False,False,True,True,True,False,True,False,False,True,9.404501539370114e-05,9.404501539370114e-05,False,False,False,False,False,"(-inf, 0.305]"
hexc_00343,344,109597217,109596735,482,109597217,False,False,True,True,False,False,False,False,True,True,True,True,primitive_full_verified,0.0542204176570948,0.0409556604771101,0.0062528487522781,0.0070119084277064,-74.72895699034427,0.009502682738794,3.111178558031651e-05,0.0062528487522781,0.0,,0.0499059549846063,0.0499059549846063,True,True,True,pass,,False,False,True,True,False,True,explicit_non_surviving,pass,0.0,0.0,True,False,False,False,False,False,pass,negative,False,False,True,True,True,False,True,False,False,True,9.404501539370114e-05,9.404501539370114e-05,False,False,False,False,False,"(-inf, 0.305]"
hexc_00346,347,177979733,177979051,682,177979733,False,False,True,True,False,False,False,False,True,True,True,True,primitive_full_verified,0.064256989998171,0.051670881830267,0.0034968755719729,0.009089232595931,-55.09311664328777,0.009502682738794,3.055728045404353e-06,0.0034968755719729,0.0,,0.0499059549846063,0.0499059549846063,True,True,True,pass,,False,False,True,True,False,True,explicit_non_surviving,pass,0.0,0.0,True,False,False,False,False,False,pass,negative,False,False,True,True,True,False,True,False,False,True,9.404501539370114e-05,9.404501539370114e-05,False,False,False,False,False,"(-inf, 0.305]"
hexc_00359,360,33488180,33487676,504,33488281,False,False,True,True,False,False,False,False,True,True,True,True,primitive_full_verified,0.0702213435707402,0.0592280253357018,0.0045249017385928,0.0064684164964455,-1.5258205110753806,0.009502682738794,1.2292432450516537e-05,0.0045249017385928,0.0,,0.0499059549846063,0.0499059549846063,True,True,True,pass,,False,False,True,True,False,True,explicit_non_surviving,pass,0.0,0.0,True,False,False,False,False,False,pass,negative,False,False,True,True,True,False,True,False,False,True,9.404501539370114e-05,9.404501539370114e-05,False,False,False,False,False,"(-inf, 0.305]"
hexc_00376,377,187427707,187426768,939,187427707,False,False,True,True,False,False,False,False,True,True,True,True,primitive_full_verified,0.0744485929586305,0.0648749065102214,0.0071608480192961,0.0024128384291128,-24.65274645334739,0.009502682738794,2.0728659845031627e-05,0.0071608480192961,0.0,,0.0499059549846063,0.0499059549846063,True,True,True,pass,,False,False,True,True,False,True,explicit_non_surviving,pass,0.0,0.0,True,False,False,False,False,False,pass,negative,False,False,True,True,True,False,True,False,False,True,9.404501539370114e-05,9.404501539370114e-05,False,False,False,False,False,"(-inf, 0.305]"
hexc_00378,379,604681513,604678930,2583,604681513,True,True,False,False,False,False,False,False,True,True,True,True,primitive_full_verified,0.1005708971627918,0.0892902943009101,0.0026467580587345,0.008633844803147,-197.01518438104904,0.009502682738794,2.523928224298086e-05,0.0026467580587345,0.0,,0.0499059549846063,0.0499059549846063,True,True,True,pass,,False,False,True,True,False,True,explicit_non_surviving,pass,0.0,0.0,True,False,False,False,False,False,pass,negative,False,False,True,True,True,False,True,False,False,True,9.404501539370114e-05,9.404501539370114e-05,False,False,False,False,False,"(-inf, 0.305]"
hexc_00381,382,604365031,604363228,1803,604365031,True,True,False,False,False,False,False,False,True,True,True,True,primitive_full_verified,0.0869939928500895,0.0741699091988454,0.0064837278787602,0.0063403557724837,-144.9856360139354,0.009502682738794,1.3457433329133416e-05,0.0064837278787602,0.0,,0.0499059549846063,0.0499059549846063,True,True,True,pass,,False,False,True,True,False,True,explicit_non_surviving,pass,0.0,0.0,True,False,False,False,False,False,pass,negative,False,False,True,True,True,False,True,False,False,True,9.404501539370114e-05,9.404501539370114e-05,False,False,False,False,False,"(-inf, 0.305]"
hexc_00403,404,180628367,180627380,987,180628367,False,False,True,True,False,False,False,False,True,True,True,True,primitive_full_verified,0.0719233861912456,0.0624818185687814,0.002885187462367,0.0065563801600971,-74.42642537397955,0.009502682738794,1.4622182447930636e-05,0.002885187462367,0.0,,0.0499059549846063,0.0499059549846063,True,True,True,pass,,False,False,True,True,False,True,explicit_non_surviving,pass,0.0,0.0,True,False,False,False,False,False,pass,negative,False,False,True,True,True,False,True,False,False,True,9.404501539370114e-05,9.404501539370114e-05,False,False,False,False,False,"(-inf, 0.305]"
hexc_00413,414,179407799,179407294,505,179407799,False,False,True,True,False,False,False,False,True,True,True,True,primitive_full_verified,0.0551196856546969,0.0434018246580878,0.0052021848081,0.0065156761885089,-48.87590784572831,0.009502682738794,5.544576512437114e-07,0.0052021848081,0.0,,0.0499059549846063,0.0499059549846063,True,True,True,pass,,False,False,True,True,False,True,explicit_non_surviving,pass,0.0,0.0,True,False,False,False,False,False,pass,negative,False,False,True,True,True,False,True,False,False,True,9.404501539370114e-05,9.404501539370114e-05,False,False,False,False,False,"(-inf, 0.305]"
hexc_00424,425,108843373,108842535,838,108843373,False,False,True,True,False,False,False,False,True,True,True,True,primitive_full_verified,0.0705332046108587,0.0628973838335527,0.0033935898639005,0.0042422309134053,-42.267090202042255,0.009502682738794,2.790792745032606e-06,0.0033935898639005,0.0,,0.0499059549846063,0.0499059549846063,True,True,True,pass,,False,False,True,True,False,True,explicit_non_surviving,pass,0.0,0.0,True,False,False,False,False,False,pass,negative,False,False,True,True,True,False,True,False,False,True,9.404501539370114e-05,9.404501539370114e-05,False,False,False,False,False,"(-inf, 0.305]"
hexc_00431,432,604813747,604812190,1557,604813747,True,True,False,False,False,False,False,False,True,True,True,True,primitive_full_verified,0.0809591793277333,0.0704132009754753,0.0057665882988697,0.0047793900533881,-101.12905906513606,0.009502682738794,6.7033657764911576e-06,0.0057665882988697,0.0,,0.0499059549846063,0.0499059549846063,True,True,True,pass,,False,False,True,True,False,True,explicit_non_surviving,pass,0.0,0.0,True,False,False,False,False,False,pass,negative,False,False,True,True,True,False,True,False,False,True,9.404501539370114e-05,9.404501539370114e-05,False,False,False,False,False,"(-inf, 0.305]"
hexc_00442,443,604711937,604711166,771,604711937,True,True,False,False,False,False,False,False,True,True,True,True,primitive_full_verified,0.0595213337383874,0.0465984620509916,0.0062676337811714,0.0066552379062243,-83.51108885949861,0.009502682738794,5.839146009592189e-07,0.0062676337811714,0.0,,0.0499059549846063,0.0499059549846063,True,True,True,pass,,False,False,True,True,False,True,explicit_non_surviving,pass,0.0,0.0,True,False,False,False,False,False,pass,negative,False,False,True,True,True,False,True,False,False,True,9.404501539370114e-05,9.404501539370114e-05,False,False,False,False,False,"(-inf, 0.305]"
hexc_00453,454,604143557,604142790,767,604143557,True,True,False,False,False,False,False,False,True,True,True,True,primitive_full_verified,0.0613546266448391,0.0485676094473233,0.0067334208268465,0.0060535963706692,-59.3237404284406,0.009502682738794,7.551758073674882e-06,0.0067334208268465,0.0,,0.0499059549846063,0.0499059549846063,True,True,True,pass,,False,False,True,True,False,True,explicit_non_surviving,pass,0.0,0.0,True,False,False,False,False,False,pass,negative,False,False,True,True,True,False,True,False,False,True,9.404501539370114e-05,9.404501539370114e-05,False,False,False,False,False,"(-inf, 0.305]"
hexc_00462,463,604208350,604207847,503,604208581,True,True,False,False,False,False,False,False,True,True,True,True,primitive_full_verified,0.0555703834394379,0.0416637529037263,0.0060333598827342,0.0078732706529773,-17.733697378940747,0.009502682738794,1.2609125305420071e-05,0.0060333598827342,0.0,,0.0499059549846063,0.0499059549846063,True,True,True,pass,,False,False,True,True,False,True,explicit_non_surviving,pass,0.0,0.0,True,False,False,False,False,False,pass,negative,False,False,True,True,True,False,True,False,False,True,9.404501539370114e-05,9.404501539370114e-05,False,False,False,False,False,"(-inf, 0.305]"
hexc_00508,509,187493880,187493471,409,187493959,False,False,True,True,False,False,False,False,True,True,True,True,primitive_full_verified,0.0527000394631234,0.0431053026544292,0.0054600607682315,0.0041346760404626,-8.965630290394472,0.009502682738794,5.284624705344952e-06,0.0054600607682315,0.0,,0.0499059549846063,0.0499059549846063,True,True,True,pass,,False,False,True,True,False,True,explicit_non_surviving,pass,0.0,0.0,True,False,False,False,False,False,pass,negative,False,False,True,True,True,False,True,False,False,True,9.404501539370114e-05,9.404501539370114e-05,False,False,False,False,False,"(-inf, 0.305]"
hexc_00663,664,604206971,604206345,626,604206971,True,True,False,False,False,False,False,False,True,True,True,True,primitive_full_verified,0.0508464536997485,0.0407906886563794,0.0025127654287879,0.007542999614581,-80.07547556299744,0.009502682738794,3.118047662181973e-06,0.0025127654287879,0.0,,0.0499059549846063,0.0499059549846063,True,True,True,pass,,False,False,True,True,False,True,explicit_non_surviving,pass,0.0,0.0,True,False,False,False,False,False,pass,negative,False,False,True,True,True,False,True,False,False,True,9.404501539370114e-05,9.404501539370114e-05,False,False,False,False,False,"(-inf, 0.305]"
