metric,rank,candidate_id,block_id,p_star,h,post_P0_flag,value,K_prime,product_actual,rayleigh_over_h,weight_l2_sq,event_count,sample_count
product_actual,1,hexc_00304,305,30386821,13,False,73.91003130475967,73.9100313047598,73.91003130475967,0.0622439704219009,1187.4247546193487,4,12
product_actual,2,hexc_00453,454,604143557,767,True,64.24988591171059,64.24988591171167,64.24988591171059,0.0044902565189875,14308.73395317695,35,37
product_actual,3,hexc_00442,443,604711937,771,True,59.236032878929265,59.23603287892971,59.236032878929265,0.0042612153946668,13901.205968857425,34,37
product_actual,4,hexc_00275,276,108562291,313,False,56.08396418864769,56.08396418864813,56.08396418864769,0.0102386405991222,5477.676811261057,16,33
product_actual,5,hexc_00081,82,12782599,494,False,55.20495342984052,55.20495342984063,55.20495342984052,0.0079295555047139,6961.922821149648,26,36
product_actual,6,hexc_00355,356,33821677,7,False,55.20452323086658,55.20452323086658,55.20452323086658,0.0612244902599906,901.673872602938,3,8
product_actual,7,hexc_00242,243,30781319,7,False,54.60627873649685,54.60627873649688,54.60627873649685,0.0612244903086135,891.9025452273049,3,8
product_actual,8,hexc_00198,199,39635819,218,False,51.89152697394646,51.8915269739468,51.89152697394646,0.0121095669309337,4285.167856943783,14,35
product_actual,9,hexc_00662,663,604872131,4,True,51.108716920391565,51.1087169203916,51.108716920391565,0.06250000001022,817.7394705925482,2,5
product_actual,10,hexc_00026,27,1192781,458,False,50.66738569136971,50.66738569136996,50.66738569136971,0.0086272722536348,5872.9322782207055,30,35
product_actual,11,hexc_00273,274,109547591,776,False,47.57965339891239,47.57965339891258,47.57965339891239,0.0038567224770555,12336.81025325891,36,37
product_actual,12,hexc_00059,60,3291137,8,False,47.50332782189178,47.5033278218918,47.50332782189178,0.0703125109678581,675.6027791925528,3,9
product_actual,13,hexc_00303,304,604870961,1710,True,45.48807574882472,45.48807574882615,45.48807574882472,0.0014833768000711,30665.21988657529,75,36
product_actual,14,hexc_00673,674,187509659,4,False,45.359671130370025,45.35967113037008,45.359671130370025,0.062500000034995,725.7547376795558,2,5
product_actual,15,hexc_00322,323,179438351,4,False,45.150375852758884,45.150375852758906,45.150375852758884,0.0625000000366538,722.4060132204793,2,5
product_actual,16,hexc_00444,445,179382319,4,False,45.1488896869581,45.14888968695817,45.1488896869581,0.0625000000366658,722.3822345675421,2,5
product_actual,17,hexc_00525,526,179146433,4,False,45.142639412569515,45.14263941256952,45.142639412569515,0.0625000000367167,722.2822301767951,2,5
product_actual,18,hexc_00448,449,178913689,4,False,45.13646513874443,45.1364651387445,45.13646513874443,0.0625000000367669,722.1834417950718,2,5
product_actual,19,hexc_00423,424,178907011,4,False,45.13628574684366,45.13628574684368,45.13628574684366,0.0625000000367684,722.1805715246438,2,5
product_actual,20,hexc_00459,460,178299217,4,False,45.12012021068152,45.12012021068158,45.12012021068152,0.0625000000369003,721.9219229446782,2,5
rayleigh_over_h,1,hexc_00059,60,3291137,8,False,0.0703125109678581,47.5033278218918,47.50332782189178,0.0703125109678581,675.6027791925528,3,9
rayleigh_over_h,2,hexc_00032,33,1197697,4,False,0.0625000074574887,24.485463076576707,24.48546307657668,0.0625000074574887,391.767362479616,2,5
rayleigh_over_h,3,hexc_00231,232,7103387,4,False,0.0625000011154557,31.11053762086766,31.110537620867646,0.0625000011154557,497.7685930500613,2,5
rayleigh_over_h,4,hexc_00185,186,22052431,4,False,0.0625000003352271,35.73898635214269,35.73898635214264,0.0625000003352271,571.823778567229,2,5
rayleigh_over_h,5,hexc_00123,124,30340987,4,False,0.0625000002391374,37.10051919515608,37.10051919515607,0.0625000002391374,593.6083048512339,2,5
rayleigh_over_h,6,hexc_00297,298,30423359,4,False,0.0625000002384519,37.1122052310735,37.11220523107346,0.0625000002384519,593.7952814317096,2,5
rayleigh_over_h,7,hexc_00399,400,31019993,4,False,0.062500000233602,37.19591809331658,37.195918093316564,0.062500000233602,595.1346872686706,2,5
rayleigh_over_h,8,hexc_00254,255,33472553,4,False,0.062500000215536,37.5247797768865,37.52477977688646,0.062500000215536,600.3964743596705,2,5
rayleigh_over_h,9,hexc_00360,361,33862799,4,False,0.0625000002129092,37.57501427082907,37.57501427082905,0.0625000002129092,601.2002262852478,2,5
rayleigh_over_h,10,hexc_00341,342,40864051,4,False,0.0625000001745394,38.39402056811908,38.394020568119046,0.0625000001745394,614.3043273743798,2,5
rayleigh_over_h,11,hexc_00428,429,108831299,4,False,0.0625000000620669,42.805805829086985,42.805805829086964,0.0625000000620669,684.8928925852447,2,5
rayleigh_over_h,12,hexc_00619,620,109709357,4,False,0.0625000000615436,42.84298005706769,42.84298005706769,0.0625000000615436,685.487680238085,2,5
rayleigh_over_h,13,hexc_00459,460,178299217,4,False,0.0625000000369003,45.12012021068158,45.12012021068152,0.0625000000369003,721.9219229446782,2,5
rayleigh_over_h,14,hexc_00423,424,178907011,4,False,0.0625000000367684,45.13628574684368,45.13628574684366,0.0625000000367684,722.1805715246438,2,5
rayleigh_over_h,15,hexc_00448,449,178913689,4,False,0.0625000000367669,45.1364651387445,45.13646513874443,0.0625000000367669,722.1834417950718,2,5
rayleigh_over_h,16,hexc_00525,526,179146433,4,False,0.0625000000367167,45.14263941256952,45.142639412569515,0.0625000000367167,722.2822301767951,2,5
rayleigh_over_h,17,hexc_00444,445,179382319,4,False,0.0625000000366658,45.14888968695817,45.1488896869581,0.0625000000366658,722.3822345675421,2,5
rayleigh_over_h,18,hexc_00322,323,179438351,4,False,0.0625000000366538,45.150375852758906,45.150375852758884,0.0625000000366538,722.4060132204793,2,5
rayleigh_over_h,19,hexc_00673,674,187509659,4,False,0.062500000034995,45.35967113037008,45.359671130370025,0.062500000034995,725.7547376795558,2,5
rayleigh_over_h,20,hexc_00662,663,604872131,4,True,0.06250000001022,51.1087169203916,51.108716920391565,0.06250000001022,817.7394705925482,2,5
weight_l2_sq,1,hexc_00000,1,180530237,684790,False,12959053.727783969,4.242257262838288,4.242257262838288,3.2735856737309205e-07,12959053.727783969,35864,41
weight_l2_sq,2,hexc_00040,41,604672261,151650,True,3033676.629773508,2.1504475741786093,2.1504475741786093,7.088585359010924e-07,3033676.629773508,7420,41
weight_l2_sq,3,hexc_00006,7,30774449,104130,False,1779248.2415295793,5.2493680971415095,5.2493680971415095,2.950329231534745e-06,1779248.2415295793,5986,41
weight_l2_sq,4,hexc_00023,24,180619079,61662,False,1150120.8492122318,14.8875268699018,14.8875268699018,1.2944315269216204e-05,1150120.8492122318,3182,41
weight_l2_sq,5,hexc_00002,3,30974597,64413,False,1093316.616665536,2.123480173174438,2.123480173174438,1.9422371715622123e-06,1093316.616665536,3676,41
weight_l2_sq,6,hexc_00063,64,604810421,53021,True,1051188.9309305267,2.1420864345912927,2.1420864345912927,2.0377749152049087e-06,1051188.9309305267,2571,41
weight_l2_sq,7,hexc_00009,10,178298621,43765,False,798074.177811984,3.625948703216957,3.6259487032169564,4.543373039781753e-06,798074.177811984,2211,40
weight_l2_sq,8,hexc_00104,105,604432601,22162,True,434187.6454525263,8.953720835599164,8.953720835599166,2.06217770804309e-05,434187.6454525263,1062,41
weight_l2_sq,9,hexc_00024,25,109813367,23159,False,415443.40602984704,8.632103006925288,8.632103006925286,2.0778047940193143e-05,415443.40602984704,1212,41
weight_l2_sq,10,hexc_00183,184,604356173,20686,True,410878.7045005271,10.34327835039494,10.343278350394943,2.5173556665508988e-05,410878.7045005271,1005,40
weight_l2_sq,11,hexc_00020,21,30847123,15789,False,264952.9009793016,6.281871907446504,6.281871907446504,2.3709390930342185e-05,264952.9009793016,891,40
weight_l2_sq,12,hexc_00074,75,113195507,12848,False,232219.20970225587,15.294287511442286,15.294287511442286,6.586142262327108e-05,232219.20970225587,676,41
weight_l2_sq,13,hexc_00048,49,33902159,13400,False,227279.07943450435,4.868706166264111,4.86870616626411,2.1421708405269822e-05,227279.07943450435,756,41
weight_l2_sq,14,hexc_00061,62,113166227,11734,False,207022.77611569525,6.659239168363888,6.659239168363888,3.216669824117494e-05,207022.77611569525,602,40
weight_l2_sq,15,hexc_00089,90,179641471,10782,False,196155.9763356998,15.782038821551296,15.782038821551293,8.045657907736666e-05,196155.9763356998,543,40
weight_l2_sq,16,hexc_00078,79,109546081,10586,False,189848.613817078,14.29696289203924,14.296962892039241,7.530717556786893e-05,189848.613817078,554,40
weight_l2_sq,17,hexc_00043,44,109588091,10737,False,187114.83108940587,15.650024564874345,15.650024564874343,8.36386109735821e-05,187114.83108940587,546,40
weight_l2_sq,18,hexc_00008,9,12883477,11482,False,180102.6915603797,3.4598590865423064,3.4598590865423064,1.9210479624522343e-05,180102.6915603797,672,39
weight_l2_sq,19,hexc_00027,28,109670797,9994,False,172050.0701267297,17.10438326742069,17.10438326742069,9.941514847870646e-05,172050.0701267297,502,40
weight_l2_sq,20,hexc_00127,128,187449539,9358,False,170999.7579549638,11.353153142896916,11.353153142896915,6.639280241488409e-05,170999.7579549638,472,39
rayleigh_over_h_times_16,1,hexc_00059,60,3291137,8,False,1.1250001754857295,47.5033278218918,47.50332782189178,0.0703125109678581,675.6027791925528,3,9
rayleigh_over_h_times_16,2,hexc_00032,33,1197697,4,False,1.0000001193198191,24.485463076576707,24.48546307657668,0.0625000074574887,391.767362479616,2,5
rayleigh_over_h_times_16,3,hexc_00231,232,7103387,4,False,1.0000000178472912,31.11053762086766,31.110537620867646,0.0625000011154557,497.7685930500613,2,5
rayleigh_over_h_times_16,4,hexc_00185,186,22052431,4,False,1.0000000053636335,35.73898635214269,35.73898635214264,0.0625000003352271,571.823778567229,2,5
rayleigh_over_h_times_16,5,hexc_00123,124,30340987,4,False,1.0000000038261985,37.10051919515608,37.10051919515607,0.0625000002391374,593.6083048512339,2,5
rayleigh_over_h_times_16,6,hexc_00297,298,30423359,4,False,1.0000000038152304,37.1122052310735,37.11220523107346,0.0625000002384519,593.7952814317096,2,5
rayleigh_over_h_times_16,7,hexc_00399,400,31019993,4,False,1.000000003737632,37.19591809331658,37.195918093316564,0.062500000233602,595.1346872686706,2,5
rayleigh_over_h_times_16,8,hexc_00254,255,33472553,4,False,1.000000003448576,37.5247797768865,37.52477977688646,0.062500000215536,600.3964743596705,2,5
rayleigh_over_h_times_16,9,hexc_00360,361,33862799,4,False,1.0000000034065473,37.57501427082907,37.57501427082905,0.0625000002129092,601.2002262852478,2,5
rayleigh_over_h_times_16,10,hexc_00341,342,40864051,4,False,1.0000000027926303,38.39402056811908,38.394020568119046,0.0625000001745394,614.3043273743798,2,5
rayleigh_over_h_times_16,11,hexc_00428,429,108831299,4,False,1.0000000009930703,42.805805829086985,42.805805829086964,0.0625000000620669,684.8928925852447,2,5
rayleigh_over_h_times_16,12,hexc_00619,620,109709357,4,False,1.0000000009846977,42.84298005706769,42.84298005706769,0.0625000000615436,685.487680238085,2,5
rayleigh_over_h_times_16,13,hexc_00459,460,178299217,4,False,1.0000000005904048,45.12012021068158,45.12012021068152,0.0625000000369003,721.9219229446782,2,5
rayleigh_over_h_times_16,14,hexc_00423,424,178907011,4,False,1.0000000005882943,45.13628574684368,45.13628574684366,0.0625000000367684,722.1805715246438,2,5
rayleigh_over_h_times_16,15,hexc_00448,449,178913689,4,False,1.0000000005882703,45.1364651387445,45.13646513874443,0.0625000000367669,722.1834417950718,2,5
rayleigh_over_h_times_16,16,hexc_00525,526,179146433,4,False,1.0000000005874672,45.14263941256952,45.142639412569515,0.0625000000367167,722.2822301767951,2,5
rayleigh_over_h_times_16,17,hexc_00444,445,179382319,4,False,1.0000000005866527,45.14888968695817,45.1488896869581,0.0625000000366658,722.3822345675421,2,5
rayleigh_over_h_times_16,18,hexc_00322,323,179438351,4,False,1.0000000005864609,45.150375852758906,45.150375852758884,0.0625000000366538,722.4060132204793,2,5
rayleigh_over_h_times_16,19,hexc_00673,674,187509659,4,False,1.00000000055992,45.35967113037008,45.359671130370025,0.062500000034995,725.7547376795558,2,5
rayleigh_over_h_times_16,20,hexc_00662,663,604872131,4,True,1.00000000016352,51.1087169203916,51.108716920391565,0.06250000001022,817.7394705925482,2,5
product_1over16,1,hexc_00000,1,180530237,684790,False,809940.857986498,4.242257262838288,4.242257262838288,3.2735856737309205e-07,12959053.727783969,35864,41
product_1over16,2,hexc_00040,41,604672261,151650,True,189604.78936084424,2.1504475741786093,2.1504475741786093,7.088585359010924e-07,3033676.629773508,7420,41
product_1over16,3,hexc_00006,7,30774449,104130,False,111203.0150955987,5.2493680971415095,5.2493680971415095,2.950329231534745e-06,1779248.2415295793,5986,41
product_1over16,4,hexc_00023,24,180619079,61662,False,71882.55307576449,14.8875268699018,14.8875268699018,1.2944315269216204e-05,1150120.8492122318,3182,41
product_1over16,5,hexc_00002,3,30974597,64413,False,68332.288541596,2.123480173174438,2.123480173174438,1.9422371715622123e-06,1093316.616665536,3676,41
product_1over16,6,hexc_00063,64,604810421,53021,True,65699.30818315792,2.1420864345912927,2.1420864345912927,2.0377749152049087e-06,1051188.9309305267,2571,41
product_1over16,7,hexc_00009,10,178298621,43765,False,49879.636113249,3.625948703216957,3.6259487032169564,4.543373039781753e-06,798074.177811984,2211,40
product_1over16,8,hexc_00104,105,604432601,22162,True,27136.727840782893,8.953720835599164,8.953720835599166,2.06217770804309e-05,434187.6454525263,1062,41
product_1over16,9,hexc_00024,25,109813367,23159,False,25965.21287686544,8.632103006925288,8.632103006925286,2.0778047940193143e-05,415443.40602984704,1212,41
product_1over16,10,hexc_00183,184,604356173,20686,True,25679.919031282945,10.34327835039494,10.343278350394943,2.5173556665508988e-05,410878.7045005271,1005,40
product_1over16,11,hexc_00020,21,30847123,15789,False,16559.55631120635,6.281871907446504,6.281871907446504,2.3709390930342185e-05,264952.9009793016,891,40
product_1over16,12,hexc_00074,75,113195507,12848,False,14513.700606390992,15.294287511442286,15.294287511442286,6.586142262327108e-05,232219.20970225587,676,41
product_1over16,13,hexc_00048,49,33902159,13400,False,14204.942464656522,4.868706166264111,4.86870616626411,2.1421708405269822e-05,227279.07943450435,756,41
product_1over16,14,hexc_00061,62,113166227,11734,False,12938.923507230953,6.659239168363888,6.659239168363888,3.216669824117494e-05,207022.77611569525,602,40
product_1over16,15,hexc_00089,90,179641471,10782,False,12259.748520981237,15.782038821551296,15.782038821551293,8.045657907736666e-05,196155.9763356998,543,40
product_1over16,16,hexc_00078,79,109546081,10586,False,11865.538363567375,14.29696289203924,14.296962892039241,7.530717556786893e-05,189848.613817078,554,40
product_1over16,17,hexc_00043,44,109588091,10737,False,11694.676943087867,15.650024564874345,15.650024564874343,8.36386109735821e-05,187114.83108940587,546,40
product_1over16,18,hexc_00008,9,12883477,11482,False,11256.418222523731,3.4598590865423064,3.4598590865423064,1.9210479624522343e-05,180102.6915603797,672,39
product_1over16,19,hexc_00027,28,109670797,9994,False,10753.129382920606,17.10438326742069,17.10438326742069,9.941514847870646e-05,172050.0701267297,502,40
product_1over16,20,hexc_00127,128,187449539,9358,False,10687.484872185238,11.353153142896916,11.353153142896915,6.639280241488409e-05,170999.7579549638,472,39
product_0p063,1,hexc_00000,1,180530237,684790,False,816420.38485039,4.242257262838288,4.242257262838288,3.2735856737309205e-07,12959053.727783969,35864,41
product_0p063,2,hexc_00040,41,604672261,151650,True,191121.627675731,2.1504475741786093,2.1504475741786093,7.088585359010924e-07,3033676.629773508,7420,41
product_0p063,3,hexc_00006,7,30774449,104130,False,112092.63921636349,5.2493680971415095,5.2493680971415095,2.950329231534745e-06,1779248.2415295793,5986,41
product_0p063,4,hexc_00023,24,180619079,61662,False,72457.6135003706,14.8875268699018,14.8875268699018,1.2944315269216204e-05,1150120.8492122318,3182,41
product_0p063,5,hexc_00002,3,30974597,64413,False,68878.94684992878,2.123480173174438,2.123480173174438,1.9422371715622123e-06,1093316.616665536,3676,41
product_0p063,6,hexc_00063,64,604810421,53021,True,66224.90264862319,2.1420864345912927,2.1420864345912927,2.0377749152049087e-06,1051188.9309305267,2571,41
product_0p063,7,hexc_00009,10,178298621,43765,False,50278.67320215499,3.625948703216957,3.6259487032169564,4.543373039781753e-06,798074.177811984,2211,40
product_0p063,8,hexc_00104,105,604432601,22162,True,27353.821663509156,8.953720835599164,8.953720835599166,2.06217770804309e-05,434187.6454525263,1062,41
product_0p063,9,hexc_00024,25,109813367,23159,False,26172.934579880362,8.632103006925288,8.632103006925286,2.0778047940193143e-05,415443.40602984704,1212,41
product_0p063,10,hexc_00183,184,604356173,20686,True,25885.35838353321,10.34327835039494,10.343278350394943,2.5173556665508988e-05,410878.7045005271,1005,40
product_0p063,11,hexc_00020,21,30847123,15789,False,16692.032761696002,6.281871907446504,6.281871907446504,2.3709390930342185e-05,264952.9009793016,891,40
product_0p063,12,hexc_00074,75,113195507,12848,False,14629.81021124212,15.294287511442286,15.294287511442286,6.586142262327108e-05,232219.20970225587,676,41
product_0p063,13,hexc_00048,49,33902159,13400,False,14318.582004373775,4.868706166264111,4.86870616626411,2.1421708405269822e-05,227279.07943450435,756,41
product_0p063,14,hexc_00061,62,113166227,11734,False,13042.434895288801,6.659239168363888,6.659239168363888,3.216669824117494e-05,207022.77611569525,602,40
product_0p063,15,hexc_00089,90,179641471,10782,False,12357.826509149087,15.782038821551296,15.782038821551293,8.045657907736666e-05,196155.9763356998,543,40
product_0p063,16,hexc_00078,79,109546081,10586,False,11960.462670475914,14.29696289203924,14.296962892039241,7.530717556786893e-05,189848.613817078,554,40
product_0p063,17,hexc_00043,44,109588091,10737,False,11788.23435863257,15.650024564874345,15.650024564874343,8.36386109735821e-05,187114.83108940587,546,40
product_0p063,18,hexc_00008,9,12883477,11482,False,11346.46956830392,3.4598590865423064,3.4598590865423064,1.9210479624522343e-05,180102.6915603797,672,39
product_0p063,19,hexc_00027,28,109670797,9994,False,10839.154417983971,17.10438326742069,17.10438326742069,9.941514847870646e-05,172050.0701267297,502,40
product_0p063,20,hexc_00127,128,187449539,9358,False,10772.98475116272,11.353153142896916,11.353153142896915,6.639280241488409e-05,170999.7579549638,472,39
top_eigenvector_alignment,1,hexc_00032,33,1197697,4,False,0.2897842057884488,24.485463076576707,24.48546307657668,0.0625000074574887,391.767362479616,2,5
top_eigenvector_alignment,2,hexc_00231,232,7103387,4,False,0.2897841572291803,31.11053762086766,31.110537620867646,0.0625000011154557,497.7685930500613,2,5
top_eigenvector_alignment,3,hexc_00185,186,22052431,4,False,0.2897841512551762,35.73898635214269,35.73898635214264,0.0625000003352271,571.823778567229,2,5
top_eigenvector_alignment,4,hexc_00123,124,30340987,4,False,0.2897841505194423,37.10051919515608,37.10051919515607,0.0625000002391374,593.6083048512339,2,5
top_eigenvector_alignment,5,hexc_00297,298,30423359,4,False,0.2897841505141939,37.1122052310735,37.11220523107346,0.0625000002384519,593.7952814317096,2,5
top_eigenvector_alignment,6,hexc_00399,400,31019993,4,False,0.2897841504770592,37.19591809331658,37.195918093316564,0.062500000233602,595.1346872686706,2,5
top_eigenvector_alignment,7,hexc_00254,255,33472553,4,False,0.289784150338733,37.5247797768865,37.52477977688646,0.062500000215536,600.3964743596705,2,5
top_eigenvector_alignment,8,hexc_00360,361,33862799,4,False,0.28978415031862,37.57501427082907,37.57501427082905,0.0625000002129092,601.2002262852478,2,5
top_eigenvector_alignment,9,hexc_00341,342,40864051,4,False,0.2897841500248326,38.39402056811908,38.394020568119046,0.0625000001745394,614.3043273743798,2,5
top_eigenvector_alignment,10,hexc_00428,429,108831299,4,False,0.2897841491636602,42.805805829086985,42.805805829086964,0.0625000000620669,684.8928925852447,2,5
top_eigenvector_alignment,11,hexc_00619,620,109709357,4,False,0.2897841491596531,42.84298005706769,42.84298005706769,0.0625000000615436,685.487680238085,2,5
top_eigenvector_alignment,12,hexc_00459,460,178299217,4,False,0.2897841489709666,45.12012021068158,45.12012021068152,0.0625000000369003,721.9219229446782,2,5
top_eigenvector_alignment,13,hexc_00423,424,178907011,4,False,0.2897841489699563,45.13628574684368,45.13628574684366,0.0625000000367684,722.1805715246438,2,5
top_eigenvector_alignment,14,hexc_00448,449,178913689,4,False,0.2897841489699452,45.1364651387445,45.13646513874443,0.0625000000367669,722.1834417950718,2,5
top_eigenvector_alignment,15,hexc_00525,526,179146433,4,False,0.2897841489695602,45.14263941256952,45.142639412569515,0.0625000000367167,722.2822301767951,2,5
top_eigenvector_alignment,16,hexc_00444,445,179382319,4,False,0.2897841489691714,45.14888968695817,45.1488896869581,0.0625000000366658,722.3822345675421,2,5
top_eigenvector_alignment,17,hexc_00322,323,179438351,4,False,0.2897841489690788,45.150375852758906,45.150375852758884,0.0625000000366538,722.4060132204793,2,5
top_eigenvector_alignment,18,hexc_00673,674,187509659,4,False,0.289784148956378,45.35967113037008,45.359671130370025,0.062500000034995,725.7547376795558,2,5
top_eigenvector_alignment,19,hexc_00662,663,604872131,4,True,0.2897841487666825,51.1087169203916,51.108716920391565,0.06250000001022,817.7394705925482,2,5
top_eigenvector_alignment,20,hexc_00059,60,3291137,8,False,0.289566221076704,47.5033278218918,47.50332782189178,0.0703125109678581,675.6027791925528,3,9
spectral_tightness,1,hexc_00000,1,180530237,684790,False,114838.53541857496,4.242257262838288,4.242257262838288,3.2735856737309205e-07,12959053.727783969,35864,41
spectral_tightness,2,hexc_00040,41,604672261,151650,True,55577.29324731847,2.1504475741786093,2.1504475741786093,7.088585359010924e-07,3033676.629773508,7420,41
spectral_tightness,3,hexc_00002,3,30974597,64413,False,25529.91629544947,2.123480173174438,2.123480173174438,1.9422371715622123e-06,1093316.616665536,3676,41
spectral_tightness,4,hexc_00063,64,604810421,53021,True,20983.438652579865,2.1420864345912927,2.1420864345912927,2.0377749152049087e-06,1051188.9309305267,2571,41
spectral_tightness,5,hexc_00006,7,30774449,104130,False,16077.367101819216,5.2493680971415095,5.2493680971415095,2.950329231534745e-06,1779248.2415295793,5986,41
spectral_tightness,6,hexc_00009,10,178298621,43765,False,9886.532005546826,3.625948703216957,3.6259487032169564,4.543373039781753e-06,798074.177811984,2211,40
spectral_tightness,7,hexc_00023,24,180619079,61662,False,3395.683617838473,14.8875268699018,14.8875268699018,1.2944315269216204e-05,1150120.8492122318,3182,41
spectral_tightness,8,hexc_00008,9,12883477,11482,False,3150.135223931327,3.4598590865423064,3.4598590865423064,1.9210479624522343e-05,180102.6915603797,672,39
spectral_tightness,9,hexc_00048,49,33902159,13400,False,2598.0932576280584,4.868706166264111,4.86870616626411,2.1421708405269822e-05,227279.07943450435,756,41
spectral_tightness,10,hexc_00024,25,109813367,23159,False,2407.5160346027374,8.632103006925288,8.632103006925286,2.0778047940193143e-05,415443.40602984704,1212,41
spectral_tightness,11,hexc_00020,21,30847123,15789,False,2307.234632315036,6.281871907446504,6.281871907446504,2.3709390930342185e-05,264952.9009793016,891,40
spectral_tightness,12,hexc_00104,105,604432601,22162,True,2195.321042341799,8.953720835599164,8.953720835599166,2.06217770804309e-05,434187.6454525263,1062,41
spectral_tightness,13,hexc_00183,184,604356173,20686,True,1860.4289505779748,10.34327835039494,10.343278350394943,2.5173556665508988e-05,410878.7045005271,1005,40
spectral_tightness,14,hexc_00061,62,113166227,11734,False,1588.1888696804992,6.659239168363888,6.659239168363888,3.216669824117494e-05,207022.77611569525,602,40
spectral_tightness,15,hexc_00074,75,113195507,12848,False,774.1900784023444,15.294287511442286,15.294287511442286,6.586142262327108e-05,232219.20970225587,676,41
spectral_tightness,16,hexc_00127,128,187449539,9358,False,770.861123110828,11.353153142896916,11.353153142896915,6.639280241488409e-05,170999.7579549638,472,39
spectral_tightness,17,hexc_00053,54,7112297,2259,False,757.9967021634751,3.264895938981648,3.2648959389816476,9.644325243875656e-05,33853.02606893026,136,39
spectral_tightness,18,hexc_00296,297,604724143,5423,True,698.7251710948607,7.676155432851152,7.676155432851152,7.391554499757357e-05,103850.3529007753,254,41
spectral_tightness,19,hexc_00078,79,109546081,10586,False,680.2631226360235,14.29696289203924,14.296962892039241,7.530717556786893e-05,189848.613817078,554,40
spectral_tightness,20,hexc_00090,91,179602723,7407,False,652.6821295987559,10.500128217395917,10.500128217395918,7.941841966392738e-05,132212.75696279283,366,38
